label,text
1,"Hรng giao nhanh, bรn phรญm nแบทng, gรณi hรng cแบฉn thแบญn vร rแบฅt ฤแบนp nha"
1,Led ฤแบนp bแบฅm phรญm rแบฅt thรญch vแปi giรก tiแปn nรy thรฌ ฤรบng lร mแปt lแปฑa chแปn thรญch hแปฃp
0,"แปฆng hแป member hแปi macbook Viแปt, nghฤฉ lร mua trong group ฤc giรก tแปt vแปi sp tแปt hฦกn , mร chแบฅt lฦฐแปฃng tแป quรก, bแป thรชm 20-25k mua shop khรกc chแบฅt lฦฐแปฃng hฦกn nhiแปu. Sแบฃn phแบฉm ฤc cรกi rแบป, mร chแบฅt lฦฐแปฃng tแป quรก, tรญnh ra rแบป mร khรดng dรนng ฤฦฐแปฃc cลฉng bแบฑng khรดng "
0,Giรก ฤแปก gแบญp khรก khรณ khฤn. Khรดng ฤแบนp nhฦฐ hรฌnh. Nรณi chung khรดng hรi lรฒng lแบฏm
1,"Khรก lร ฦฐng sแบฃn phแบฉm, ฤรบng vแปi mรด tแบฃ vร ฤi ok dแป phแปi ฤแป"
0,Thแปi gian chuแบฉn bแป hรng cแปงa shop lรขu + thแปi gian giao hรng rแบฅt lรขu => Giao hรng trong nฦฐแปc mร 10 ngรy mแปi nhแบญn dc hรng. Hรng chฦฐa sแปญ dแปฅng chฦฐa ฤรกnh giรก dc ฤแป bแปn
1,Sแบฃn phแบฉm ฤแบนp hแปฃp vแปi giรก tiแปn
1,Sแบฃn phแบฉm chแบฅt lฦฐแปฃng quรก แปn luรดn แบฅy cรณ miแบฟng bแบฃo vแป trแบป em vแปi cรดng tแบฏc riรชng tแปซng แป
1,"sแบฃn phแบฉm tแปt, mรu nhฦฐ hรฌnh , nรชn mua nha mn , giรก cแบฃ hแปฃp lรฝ. แบฃnh minh hoแบก thรดi vรฌ mรฌnh ko chแปฅp lแบกi"
0,Liรชn hแป shop bรกo vแบฅn ฤแป thรฌ ฤฦฐแปฃc trแบฃ lแปi 1 tin nhแบฏn duy nhแบฅt โgiao diแปn nรoโ mรฌnh cรฒn khรดng hiแปu hแป ฤang nรณi vแป vแบฏn ฤแป gรฌ. Quรก tแป
0,"Shop ko hแป trแปฃ, chแบฃ rep j xแปฉng ฤรกng 1 sao"
1,Sแบฃn phแบฉm tแปt chแบฏc chแบฏn. Xแปฉng ฤรกng 5 sao
1,"Bรn xinh nha mแปi mแปi ngฦฐแปi 
ฤรณng gรณi nhรฌn cลฉng tแบกm mร mแบฅy gรณc bรn hฦกi xฦฐแปc ๐๐๐ข๐ข๐ข cรฒn lแบกi mแปi thแปฉ ฤแปu แปn
Mแบฅy bร cแบงn ฤแป ngแปi hแปc hay lรm viแปc gรฌ thรฌ mua ฤi nha tui thแบฅy khรก แปn ฤรณ"
1,"Bรn giรก rแบป, bแป thแปงng 1 lแป chแบฏc do vแบญn chuyแปn nhฦฐng vแบซn chแบฅp nhแบญn ฤฦฐแปฃc"
0,"Mong rแบฑng sแบฝ khรดng cรณ ai mua phแบฃi sแบฃn phแบฉm cแปงa shop nแปฏa, hรng giao lรขu ฤแบทt cแบฃ tuแบงn mแปi vแป. Hรng vแป thรฌ bแปc ฤฦฐแปฃc ฤรบng 1 tรบi xแปp แป ngoรi khรดng cรณ hแปp, bรn thรฌ cลฉ nhฦฐ hรng ฤรฃ qua sแปญ dแปฅng, cรฒn bแป thiแบฟu แปc cรกi chรขn bรn khรดng cรณ แปc rแปi hแบณn ra ngoรi. Nhแบฏn tin cho shop thรฌ cแบฃ ngรy khรดng trแบฃ lแปi, quรก chรกn."
0,Hรng thรฌ ฤรณng khรดng cแบฉn thแบญn vร giao ฤแบฟn thรฌ ฤรฃ mแบฅt chรขn vร rแปi chรขn cแบกnh bรn thรฌ vแปก bรn thรฌ khรณi bแปฅi bแบฉn mn khรดng nรชn mua nhรฉ
0,Chรกn shop hรng ko ฤรบng mแบซu chรขn bรn cรฒn gแป nhฦฐ dรนng rแปi giแบฅy dรกn thรฌ bung cรกc kiแปu mแปi ng khรดng nรชn mua
1,"Hรng xแปn nhฦฐng ฤeo lรขu cรณ cแบฃm giรกc ฤau cแป tay, 
Ko chแปng nฦฐแปc ฤc nรชn ฤแปซng ngแปง mร cho vรo nฦฐแปc."
1,ฤรฃ nhแบญn ฤฦฐแปฃc hรng ฤeo rแบฅt ok
1,"sแบฃn phแบฉm ฤรณng gรณi khรก kฤฉ, mแบซu mรฃ ฤแบนp vร ฤรบng nhฦฐ hรฌnh, tแบทng thรชm 1 vรฒng tay khรดng biแบฟt รฝ nghฤฉa gรฌ vร khแบฏc gรฌ trรชn ฤรณ, nhฦฐng mong lร sแบฝ may mแบฏn, chแบฅt lฦฐแปฃng thรฌ cแบงn xรi ฤแป biแบฟt rรต hฦกn, cรกm ฦกn shop nhiแปu nhรฉ. "
1,"vแปi giรก rแบป mร tแบญu ฤฦฐแปฃc con ฤแปng hแป ฤแบนp nhฦฐ nรy thรฌ hแปi thแบญt sแปฑ 
tuy lร hรng fake nhฦฐng khรดng khรกc hรng thแบญt nhรฉ cรณ ฤiแปu nรบt bแบฅm khรดng ฤฦฐแปฃc thรดi cรฒn lแบกi ฤแปu ok hแบฟt."
1,"Chแปง Shop chฤm sรณc tฦฐ vแบฅn nhiแปt tรฌnh, vแบญn chuyแปn giao hรng siรชu nhanh 
Chแบฅt lฦฐแปฃng ฤแปng hแป ฤรณng hแปp cแบฉn thแบญn vแปซa rแบป vแปซa ฤแบนp , chแปฉc nฤng ngรy giแป bรกo thแปฉc ฤรจn ฤแปง cแบฃ ,kรจm PiN , ฤฦฐแปฃc tแบทng cแบฃ quร ฤแบนp khรดng chรช vรo ฤรขu ฤฦฐแปฃc ... "
0,"Hรng kรฉm chแบฅt lฦฐแปฃng, ฤแบทt mua mแบซu nรy shop giao mแบซu khรกc. Hรng khรดng giแปng nhฦฐ nhแปฏng gรฌ shop mรด tแบฃ, sฤn sale ฤแปฃt 11/11 tฦฐแปng hรng ngon ai ngแป quรก thแบฅt vแปng vแป shop. Lแบงn ฤแบงu em mua hรng tแบกi shop vร cลฉng coi lร lแบงn cuแปi cรนng luรดn. Tแปซ ฤรขy vแป sao ko mua nแปฏa. Mแบฅy ngฦฐแปi khรกc ฤแบทt mua thรฌ hรng ฤรบng vแปi mแบซu cรฒn thแปฉ e nhแบญn ฤc thรฌ lแบกi ko. Thแบญt sแปฑ quรก bแปฉc sรบc!!!!"
0,Dรนng ฤc 2 hรดm thรฌ hแปng ฤรจn. Shop bแบฃo ฤc ฤแปi trแบฃ trong vรฒng 3 ngรy vแปi bแบฅt cแปฉ lรญ do gรฌ nhฦฐng nhแบฏn 2 hรดm shop ko trแบฃ lแปi tin nhแบฏn
0,nhฦฐ qq lรm ฤn dแป k ฤc rแปi
0,ฤแปng hแป giao vแป bแป lแปi vร phแบงn hแป trแปฃ khรกch hรng quรก tแป
0,"ฤแปng hแป vรo nฦฐแปc, khรดng cho ฤแปi trแบฃ, khรดng rep tin nhแบฏn, nรณi chung k nรชn mua"
1,Mua 2 lแบงn r ngon tuyแปt vแปi lun รก mแบฅy mรก mua lแบน 
1,"Hรฌnh แบฃnh vร vฤ mแบกng tc nhแบญn xu , xx ngon lแบฏm nรชn mua nhร MN owiii haha, giรกo hรng nhanh vร ngon lแบฏmm"
0,Ko ra j
1,"ฤแป ฤn ngon lแบฏm nha , shop phแปฅc vแปฅ ok , ฤรณng gรณi tแปt . Nรชn mua แบก ...."
1,Mua 2 lแบงn r ngon tuyแปt vแปi lun รก mแบฅy mรก mua lแบน
0,Eo nรณ nhแป khรดng tฦฐแปng nhแบญn mร bแบฅt ngแป luรดn รก chแบฏc ฤc bแบฑng ngรณn tay
0,Khรดng hแปฃp khแบฉu vแป cแปงa tรดi lร mแปt trong nhแปฏng ngรy kia ra ฤแป bรกo cรกo
0,K ra gรฌ
0,Kh nhฦฐ quแบฃng cรกo
1,"Giao nhanh ฤรณng gรณi kฤฉ ฤn vแปซa miแปng 
ฤรฃ mua nhiแปu lแบงn 
Sแบฝ tip tuc แปงng hแป"
1,"Ok, dแป chแบฃy, ฤn ngon hฦกn khi vแปซa lแบฅy tแปซ tแปง lแบกnh ra"
1,"Hรng ฤแบนp y hรฌnh quแบฃng cรกo. 
Mแปi mua lแบงn ฤแบงu rแบฅt ฦฐng vรฌ cฦกm dแบปo
Giรก rแบป nรชn mua nhรฉ mn. 
Sแบฝ tiแบฟp tแปฅc แปงng hแป nแปฏa."
1,"Thฦกm ngon phรน hแปฃp cho ngฦฐแปi ฤang muแปn giแบฃm cรขn , no lรขu , nรณi chung mn nรชn mua , hรฌnh แบฃnh mang tรญnh chแบฅt nhแบญn xu"
0,Hรng k nhฦฐ แบฃnh minh hแปa. Nแบฟu ฤรณng bแบฑng tรบi hรบt chรขn k hรng sแบฝ ฤแบฃm bแบฃo hฦกn
0,"Gแบกo ฤen bรชn shop ko biแบฟt ntn. Thแบฅy bรชn shop cรณ loแบกi ""gแบกo lแปฉt ฤแป dแบปo"". mua ฤn thแปญ nhฦฐng cฦกm cแปฉng khรด, ko dแบปo. Thแบฅt vแปng."
0,"Cรขn thiแบฟu cรขn , khรดng hรบt chรขn khรดng"
1,"รo ฤแบนp mแบทc thoแบฃi mรกi k gแปng nรชn k ฤau .mรฌnh mua size L nhฦฐng chแบฏc chแป mแบทc dc 1 thแปi gian nแปฏa thรดi lแบกi phแบฃi mua tiแบฟp vรฌ giแป chแป mแบทc vแปซa sแปฃ mแบฅy bแปฏa to hฦกn k mแบทc dc ns chung lร tuyแปt vแปi
ฤรกnh giรก vร hรฌnh แบฃnh ฤแป nhแบญn xu thรดi nhe"
1,Giao hรng nhanh ฤรบng mแบซu cแปฉ nghฤฉ sแบฝ lรขu nhแบญn ฤฦฐแปฃc vรฌ hรng nฦฐแปc ngoรi nhฦฐng giao rแบฅt nhanh
1,Chรขn vรกy ฤแบนp lแบฏm mแปi ngฦฐแปi ฦกi nรชn mua nha
0,Size lung tung xl mร eo cรณ 70.mแปi ngฦฐแปi cรขn nhแบฏc khi mua
0,Giao hรng kh ฤรบng nhฦฐ hรฌnh. ฤแบทt mแบซu nรy giao mแบซu khรกc
0,Hรng xแบฅu nhฦฐ ฤแป cลฉ mรu vรกy nhฦฐ ฤแป mแบทc rแปi.trรชn vรกy cรณ nhiแปu ฤแบกn nhแปฑa gแบฏn mแบฏc kiแปu nhฦฐ ฤฦฐแปฃc bรกn ฤi bแบฏn lแบกi rแบฅt nhiแปu lแบงn mn k nรชn mua nhรฉ
0,"Vแปซa nhแบญn ฤc thรฌ dรญnh luรดn 2 lแปi to ฤรนng, mong shop xแปญ lรฝ"
0,"Sแบฃn phแบฉm rแบป mร bแป rรกch. Tiแปn nรo cแปงa nแบฅy. Cแปงa rแบป lร cแปงa รดi, cแปงa lรดi thรดi lร cแปงa mแบฅt tiแปn, k hรi lรฒng"
1,"Sแบฃn phแบฉm dรy dแบทn, khรก ฤแบนp, tiแปn lแปฃi, dแป dรng mag ฤi"
1,Tรบi rแบฅt ฤแบนp vร dรy dแบทn. ฤแปฑng vแปซa luรดn mรu xรกm rแบฅt ฤแบนp. Bรชn trong lรณt bรดng rแบฅt mแปm. Mแปi nรชn mua cรณ quai cho dแป cแบงm. Mรฌnh rแบฅt hรi lรฒng vแป sแบฃn phแบฉm cho shop 5 sao.
1,"Hรฌnh แบฃnh vร video chแป mang tรญnh chแบฅt minh hoแบก, sแบฃn phแบฉm chแบฅt lฦฐแปฃng rแบฅt tuyแบฟt vแปi giao hรng hฦกi lรขu shipper thรขn thiแปn tรบi ฤแบนp nha mแปi ngฦฐแปi"
1,"รบi ฤแปฑng mรกy tรญnh giแปng hรฌnh shop ฤฤng , giรก แปn , nhฦฐng phแบงn quai cแบงm khรดng ฤฦฐแปฃc chแบฏc chแบฏn , mแปi cแบงm ฤi 1 vรฒng mร ฤรฃ sแบฏp ฤแปฉt"
0,Rแบฅt tแป
0,Hรng kรฉm chแบฅt lฦฐแปฃng
1,Chแบฅt lฦฐแปฃng sแบฃn phแบฉm tuyแปt vแปiโฆ shop phแปฅc vแปฅ rแบฅt tแปtโฆgiao hรng nhanh..rแบฅt ฤรกng tiแปn
1,"Sแบฃn phแบฉm chแบฅt lฦฐแปฃng,  mแบซu mรฃ ฤแบนp , แปงng hแป shop dรi dรiiiiiiiii แบก"
1,"Ngon lแบฏm nha mแปi ngฦฐแปi, lรชn mua nรจ lแบงn sau nhแบฅt ฤแปnh แปงng hแป cho shop tiแบฟp แบก"
0,Chรช
0,Kรฉm
1,"แปp ฤแบนp,y hรฌnh,dแบปo .lรชn mua nha mng.mรฌnh sแบฝ แปงng hแป nแปฏa nha bbbbn"
1,"Chแบฅt lฦฐแปฃng tuyแปt vแปi , giao rแบฅt nhanh, rแบฅt ฤรกng ฤแป mua !!!!!!!"
1,Nhแบซn xinh lแบฏm mn แบก nรชn mua nhaaa. Lsau sแบฝ qlai uho shop แบก
1,"Quแปc tแบฟ mร giao hรng rแบฅt nhanh , hรng khรดng bแป mรณp mรฉo rแบฅt tแปt!!"
0,"Nhแบซn thรฌ ok chแปฉ hแปp thรฌ quรก tแปi, gรฃy, ฤรณng gรณi khรดng ra gรฌ. Tแปi.cรกi hแปp mua vแป chแบฏc vแปฉt :))"
0,Dแปm lแบฏm
0,mua phรญ tiแปn
1,"kแบนp tรณc xinh, shop ฤรณng gรณi cแบฉn thแบญn
hรng quแปc tแบฟ nรชn giao hรng hฦกi lรขu, shipper thรขn thiแปn
lแบงn sau sแบฝ tiแบฟp tแปฅc ghรฉ แปงng hแป shop"
0,Giao hรng hฦกi lรขu. 
0,"Khรดng thแป  chแบฅp nhแบญn nแปi , giao sai hรng , shop tฦฐแปng ฤฦกn รญt tiแปn lร giao linh tinh cแปฏng ฤฦฐแปฃc ร , cแปฑc kรฌ thแบฅt vแปng , 2 nghรฌn ฤแป mua mแบฅy cรกi kแบนp tรณc ฤแป xanh ฤรณ hแบฃ chแปu luรดp9"
0,"Bรกn hรnh ko cรณ sแบฃn phแบฉm, ko ฤรกng bao nhiรชu nhฦฐng lm nghแป cรณ tรขm xรญu ฤi ngฦฐแปi ฦกi
May lร ko mua thรชm gรฌ"
0,"Mรก ฦกi mua kแบนp tรณc giao dรขy chun buแปc tรณc,giao thรฌ lรขu mร nhแบญn ฤฦฐแปฃc hรng mang bแปnh tแปฉc thรชm. Shop lรm ฤn ncl"
0,"ฤแบทt hรng 1 kiแปu giao kiแปu khรกc, 3k nhฦฐng mแบฅt niแปm tin vรo shop quรก"
0,Chรกn thแปฑc sแปฑ tiแปn nรo cแปงa nแบฅy nhแปฑa gรฌ mร trรดng nรณ รด zแป
0,Chแบฃ hiแปu shop lรm ฤn kiแปu gรฌ ฤรขy lร cแบทp ฤรญnh ngแปc trai sao giao hรng thแบฟ mร cลฉng giao ฤc mแบฅt uy tรญn quรก
1,"Giao hรng nhanh, shop gรณi hรng cute quรก tr, nhiแปu lแปp, truyแปn kh bแป df, mรฃi iu sแปp"
1,"ฤแบนp, giao hรng nhanh, ฤรณng hรณi kฤฉ, ฤแปง sแป lฦฐแปฃng . Nรชn แปงng hแป."
1,"ฤรณng gรณi cแบฉn thแบญn. Sรกch ฤแบนp , ฤฦฐแปฃc hoรn xu hihi"
0,"Bรบt nรy mua chแป lแบฅy vแป thรดi cรฒn tแปฑ thay ruแปt khรกc chแปฉ mua 5 cรขy cแปงa shop khรดng cรขy nรo ra mแปฑc, cรณ ra cลฉng khรดng ฤแปu cแป ghi cลฉng chแบณng ฤฦฐแปฃc nรณi chung lร chรช :)"
0,Bรบt thรฌ ฤแบนp mร viแบฟt mแปฑc ra ko ฤแปu lรบc ฤแบญm lรบc thรฌ nhแบกt
1,Chฦฐa nhแบญn ฤc hรng mร lแบกi ฤแป ฤรฃ giao thรnh cรดng ๐
0,"KHรNG NรN MUA BรT GEL MNG NHร!!! 
Mรฌnh mua tแปng 4c cรกc loแบกi nhฦฐng phแบฃi cho ฤi hแบฟt
bรบt viแบฟt rแบฅt xแบฅu, ngรฒi thรฌ bรฉ ฤแบฅy nhฦฐng ra nhiแปu mแปฑc nรชn nรฉt rแบฅt thรด, lแบกi cรฒn tแบญm tแปt, ฤแปซng thแบฅy 0,38mm mร ham, vแปi kinh nghiแปm 1 con nghiแปn bรบt thรฌ mรฌnh khuyรชn mng thแบญt lรฒng k nรชn mua phรญ tiแปn"
0,Tรดi khรดng hแป nhแบญn ฤฦฐแปฃc hรng vร 1 cuแปc gแปi nรo cแปงa shiper??? Shop lรm ฤn kiแปu gรฌ vแบญy ? Hay shipper vแป vแบฉn tแปฑ hแปงy hรng ?!
0,"Ko nhแบญn ฤc sแบฃn phแบฉm, shipper ko giao hรng cho mk cลฉng ko gแปi cuแปc nรo"
1,"Giao hรng nhanh sแบฃn phแบฉm tแปt ฤรบng, hแปฃp giรก tiแปn quรก rแบป ฤi ฤแบนp bแปn. Cรณ nhiแปu ngฦฐแปi thแปฉc ฤรชm khรดng phแบฃi vรฌ mแบฅt ngแปง, cลฉng chแบณng phแบฃi vรฌ cรดng viแปc. Mร chแป ฤฦกn giแบฃn lร tinh thแบงn cแปงa hแป ฤรฃ quรก mแปi mแปt rแปi. Cรณ nhแปฏng ngรy chรชnh vรชnh ฤแบฟn kรฌ lแบก. Mแปt chรบt ฤau thฦฐฦกng, mแปt chรบt mแปt mแปi xen lแบซn cรนng nhแปฏng lo lแบฏng miรชn man mร chแบณng biแบฟt chia sแบป vแปi ai. Tแปt cho 5 sao sแบฝ แปงng hแป tiแบฟp"
1,"mรฌnh mua cho mแบน mแบน khen quรก chแปi luรดn รก hรชhhe, dรฉp to รญ nรชn lรนo 1 size nhรก"
1,"รo xinh lแบฏm nha
Mแบทc mแปt lรบc thรฌ hฦกi ngแปฉa รก
Hรฌnh แบฃnh mang tc minh hoแบก"
1,"ฤรฃ nhแบญn ฤแปง hรng bรชn shop, ฤแป tแปt giรก rแบป nรชn mua nhรฉ bร con, tแบทng shop 5 sao nรจ, thanks"
1,รo ฤแบนp mแบทc vรo thรญch lแบฏm. Cรณ mรบt ngแปฑc bรชn trong. ฤรกng ฤแปng tiแปn
0,trรฒi oi shop mua quแบงn mรu trแบฏng shop gแปญi 2 quแบงn mรu da buแปn ฦกi lร buแปn nhฦฐng chแบฅt ฤc
0,"Shop lรm ฤn gรฌ chรกn vแบญy trแปi, mua 5 cรกi giao 4 cรกi. Chแบฅt lฦฐแปฃng thรฌ khรดng biแบฟt xรi bแปn khรดng sแป thรฌ mรกt mรกt. ฤแป nghแป shop xแปญ lรญ ฤฦกn hรng nรy lแบกi giรนm"
0,"giao hรng nhanh, ฤแปง sแป lฦฐแปฃng nhฦฐng แปng quแบงn may bรฉ, bรณ sรกt vรo bแบนn mแบทc rแบฅt khรณ chแปu dรน mรฌnh chแปn ฤรบng size mรดng vร bแปฅng cลฉng vแปซa"
0,"Quแบงn form rแบฅt nhแป luรดn. 3 mรu cรนng sz nhฦฐng k bแบฑng nhau. Mn xem แบฃnh lร thแบฅy. Mรu be, trแบฏng to hฦกn ฤen nhฦฐng cลฉng nhแป lแบฏm dรน m chแป 45kg. Chแบฅt cลฉng mแปng, dแป nhรฃo hฦกn m mua shop khรกc. Khรก thแบฅt vแปng. ฤรขy lร lแบงn ฤแบงu m rate 2sao trรชn shopee luรดn. ฤiแปm cแปng lแปn nhแบฅt cรณ lแบฝ lร shop cรณ che tรชn sp"
0,ฤแป shop tแปฑ chแปn mรu 7 cรกi toรn xanh vs hแปng bรณ tay
1,Hรng xแปn vรฃi nแปi luรดn ae แบก ๐คฃ Nhแบกc nhแบน thรดi mร bass dแบญp cฤng ฤรฉt luรดn. ฤรฃ thแบฟ cรฒn full nguyรชn seal mแปi chแปu. ๐คง Bรณc seal mร thแบฅy ฤรฃ cรกi nฦฐ luรดn shop แบก. Cแบฃm ฦกn shop vรฌ ฤรฃ bแปc chแปng sแปc gรณi hรng cแบฉn thแบญn. Mรฌnh ฤแปnh nhแบฏc shop mร ai ngแป shop gรณi kฤฉ quรก. Chแบฅt lฦฐแปฃng phแบฃi lร 10 ฤiแปm๐ฅฐ๐ฅฐ
0,Son lแปng dแป khรด mรดi kh nรชn mua nhรฉ vแป son ฤแบนp giao hรng nhanh
0,tรด cho ฤแปก giแปng chแบฟt trรดi
1,Chแบฏc chแบฏn hฦกn tฦฐแปng tฦฐแปฃng. Giao hรng nhanh. ฤรณng gรณi cแบฉn thแบญn. 5 sao lun
1,"Chแบฏc chแบฏn, dแป dรนng, dแป lแบฏp. Quรก chim ฦฐng"
0,"mรu ko giแปng แบฃnh, thแปฑc chแบฅt lร mรu cam rแบฅt tฦฐฦกi =))) khรก thแบฅt zแปng, khum nรชn mua ๐"
1,Rแบฅt ฤแบนp. Chแบฏc chแบฏn. Tรดi rแบฅt hรi lรฒng. Cรกm ฦกn shop rแบฅt nhiแปu!
0,Mรนi son hรดi son lรชn hรดg giแปg nhฦฐ trรชn hรฌnh hรฌnh chแป mรฌnh hoแบก chแปฉ hk ohair mรu sฦกn mรu sฦกn mรฌn Nรณ nแบฅu gแบกch xแบฅu lแบฏm lun hic hic
1,Hรng xแปn xรฒ phแบฟt mแปi ngฦฐแปi ฦกi! Gรต word dc luรดn! Nรณi chung lร quรก tแปt! Quรก sแบฏc sแบฃo luรดn! ฤรขy l
0,Mรu nhรฌn Ko giแปng แบฃnh lรฉm . Mร Mรนi son  hรดi qรฉ trแปi ( hแปญi nhรฌu hฦกi bแป ฤau ฤแบงu ฤรณ nha )
1,hรng tรดi ฦฐng รฝ vร ฤรกnh giรก nhiแปu nhแบฅt tแปซ trc giแป! Cแบฃm ฦกn shop!
0,"Son hฦกi khรด vแปi bay mรนi lแป viแปn mรดi nแปฏa mร sale giรก rแบป nรชn chแบฅp nhแบญn, mua vแป tรด chฦกi thรดi, ฤรณng gรณi thรฌ rแบฅt ok nha, hรng quแปc tแบฟ nรชn ฤi lรขu, phแบงn cแบญp nhแบญt ฤฦกn hรng thรฌ mรฌnh nhแบญn mรฃi hฦกn 1 tuแบงn sau mแปi cแบญp nhแบญn ฤรฃ giao ฤแป cรณ thแป ฤรกnh giรก sแบฃn phแบฉm"
1,"Hรng nhฦฐ hรฌnh, rแบฅt chแบฏc chแบฏn nแบทng 700g, ฤรกng ฤแปng tiแปn bรกt gแบกo"
0,"Chแบฅt son lแปng, nhanh khรด, ฤแป lรฌ hแบงu nhฦฐ lร khรดng, son lรชn thรฌ mรu sแบฝ cรณ xu hฦฐแปng chรณi hแปng hฦกn xรญu xiu so vแปi trรชn แบฃnh, khรดng trแบงm nhฦฐ trรชn bแบฃng mรu."
1,ฤรฃ nhแบญn ฤฦฐแปฃc hรng dแป lแบฅp rรกp cแบงm nแบทng tay khรก chแบฏc chแบฏn giao hรng y mแบซu mรฌnh rแบฅt ฦฐng รฝ mแปi ngฦฐแปi nรชn mua nha
0,"Son mรu ko chuแบฉn , swatch or ฤรกnh lรชn mรดi ฤแปu k giแปng แบฃnh mแบซu Mรu 936 cam ฤแบฅt ฤรกnh lรชn thรnh ฤแป thแบซm Mรu 908 ฤแป cam ฤรกnh lรชn thรnh hแปng ฤแป thแบซm Nรณi chung thแบฅt vแปng quรก ๐๐๐ Chแบฅt son lแปณ Giรก sale rแบฅt rแบป"
1,"รi trแปi ฦกi giรก ฤแปก nรy xแปn lแบฏm luรดn รญiiiii Sแบฃn phแบฉm y chang hรฌnh vร mรด tแบฃ khรดng sai gรฌ luรดn, cรฒn ฤแบนp hฦกn nแปฏa chแปฉ. Chแบฅt liแปu rแบฅt cแปฉng cรกp vร chแบฏc chแบฏn nhรฉ khรดng thแป bแป ฤแป ฤฦฐแปฃc luรดn แบฅy. Rแบฅt ฤรกng tiแปn vร nรชn mua nhe cแบฃ nhรaaa"
0," chแบฅt lฦฐแปฃng sp kรฉm, khรดng thรญch, ai chรช nhanh trรดi chแปฉ t thแบฅy son mรดi chแปฉ khรดng phแบฃi xฤm mรดi, t lau toรฉt mแป ra nรณ cรฒn khรดng hแบฟt, vแบซn cรฒn lแปp mรu hแปng. Chรช nhแปฏng cรกi ฤรกng chรช nha. Mua sale thรฌ mua vแป chฦกi thui, chแปฉ giรก gแปc k bแบฑng 1 nแปญa black rouge chแบฅt lฦฐแปฃng sp kรฉm, khรดng thรญch, ai chรช nhanh trรดi chแปฉ t thแบฅy son mรดi chแปฉ khรดng phแบฃi xฤm mรดi, t lau toรฉt mแป ra nรณ cรฒn khรดng hแบฟt, vแบซn cรฒn lแปp mรu hแปng. Chรช nhแปฏng cรกi ฤรกng chรช nha. Mua sale thรฌ mua vแป chฦกi thui, chแปฉ giรก gแปc k bแบฑng 1 nแปญa black rouge"
1,Sแบฃn phแบฉm rแบฅt ฤแบนp Tiแปn nรo cแปงa ฤรณ Shop giao hรng nhanh. ฤฦกn vแป vแบญn chuyแปn J&T cg giao nhanh. Rแบฅt hรi lรฒng
0,"Mรu lรชn mรดi k ฤแบนp nhฦฐ hรฌnh nhรฌn rแบฅt giร vแปi da xuแปng tone. Phแบฃi mix thรชm cรขy deep soul cแปงa rom mแปi ok, bรดi lรชn mรดi khรดng cรณ dฦฐแปกng bรกm chแบทt trรชn mรดi mร cรฒn bong da mรดi nแปฏa chแปฉ. Khรก thแบฅt vแปng vแปi trแบฃi nghiแปm lแบงn nรy"
1,"Sp chแบฏc chแบฏn, shop giao hรng cแบฉn thแบญn. Hรng ฤรณng gรณi cแบฉn thแบญn cรณ thแป thay ฤแปi nhiแปu chiแปu khรกc nhau Mn lรชn mua thแปญ แบก"
0,"Son quรก chรกn, chแบฅt quรก lแปng, mua mแปt mรu giao hรng mแปt mรu ..........
"
1,"Giao hรng khรก lรขu chแบฏc do mรนa dแปch, ฤรณng gรณi cแบฉn thแบญn, hรng chแบฅt lฦฐแปฃng, ฤรกng ฤแป dรนng"
0,"ฤแบทt kem lรณt,sแบตn ฤแบทt luรดn cho rแบป.Nhฦฐng mรฌnh lแบงm.Tแบญn 142k(giรก gแปc >300k)mร nhแบญn vแป thแบฅt vแปng tแปซ lแบงn ฤแบงu son.Sau ฤรณ mแปi thแบฅy review trรชn fb vร youtube,phแบฃi chi ฤแปc sแปm hฦกn.Chแบฅt son quรก nhiแปu bแปt,phแบฃi tแบฉy da chแบฟt nแบฟu ko bแป vรณn cแปฅc.Son lรชn ko ฤแปu ฤฦฐแปฃc,lแป vรขn mรดi rแบฅt nhiแปu,mau trรดi.Nรชn ฤแป tแปฑ khรด ฤแปซng bแบทm"
1,"Ui dแปi รดi giรก ฤแปก chแบฏc chแบฏn lแบฏm luรดn nha mแปi ngฦฐแปi, nรชn mua nรจ. Dรนng ipad mua thรชm bรn phรญm nแปฏa lร tuyแปt vแปi :)))))))))"
0,Son nhanh trรดi. Bแป khรด mรดi. Mรu ko sรกng nhฦฐ hรฌnh แบฃnh
1,"ฤแป khรก lร xแปn xรฒ, cแปฉng cรกp, khรก nแบทng nแปฏa ฤรณ. Theo รฝ cแปงa mรฌnh phรน hแปฃp vแปi giรก tiแปn nhรก"
0,Khรดng hแป lรฌ xรญu nรo luรดn nha bay sแบกch sau 1 lแบงn lau. Vแปi cรกi giรก sale siรชu thแบฅp thรฌ cลฉng sรi ฤฦฐแปฃc nhฦฐng vแบซn khรดng ฦฐng cรกi vแปฅ khรดng lรฌ. ฤรณng hรng tแปt. ( video mang tรญnh chแบฅt quรชn quay sแบฃn phแบฉm)
1,"Hแบกng ฤแบนp, cแปฉng cรกp, cรณ chแป cแบฅt cรขy lแปฅc giรกc lร thรญch rแปi , xแปฉng ฤรกng 5*"
0,"ฤแป cรฒn rแบฅt nhiแปu chแป thแปซa,shop gแปญi hรng ฤi chแบญm lแปก cแบฃ viแปc cแปงa mรฌnh,mรฌnh ฤแบทt ฤแป mร 5 ngรy sau shop mแปi gแปญi,mร mรฌnh cลฉng nhแบฏn tin nhแป shop rแปi mร vแบซn thแบฟ,ฤแบฟn khi gแปญi thรฌ khรดng cรณ mแบซu mรฌnh ฤแบทt phแบฃi ฤแปi รขng mแบซu khรกc. Nchung lร ฤแบทt hรng lแบงn ฤแบงu mร thแบฅt vแปng quรก,chแบฏc khรดng cรณ lแบงn sau nแปฏa,vฦฐa chรกn vแปi shop. Nh mร thรดi ฤแป cungk lhas oi,nchung thรฌ ฤแป tiแปn nรo cแปงa nแบฅy thรดi"
1,"Hรng chแบฏc chแบฏn lแบฏm, cแปฉng cรกp. ฤรณng gรณi lแปน, dรกng tiแปn mua. Mua cho bรฉ hแปc online quรก ok luรดn"
0,"Mk cao m72 nแบทng tแปซ 55-60kg mร mua 29 cแปฉ nhฦฐ mua 92,แปng quแบงn quรก rแปng vร sรขuโฆ..ko bao giแป mua lแบกi lแบงn2"
1,Hang tแปt chแบฏc chแบฏn khรก nแบทng khรดhg sแปฃ bแป lแบญt. ฤรกng tiแปn. Nรชn mua nha mแปi ngฦฐแปi
0,Quแบงn rรกch .ฤแบทt 2 thรฌ nhแบญn ฤc 1 . Ib thรฌ ko trแบฃ lแปi.mแปi ngฦฐแปi ko nรชn mua .
1,"Hรng y hรฌnh, cแบงm nแบทng tay, chแบฅt lฦฐแปฃng, xรi thoแบฃi mรกi vร dแป dรng"
0,"Chแบฅt lฦฐแปฃng sแบฃn phแบฉm khรก tแป . Form khรก giแปng quแบงn cแปงa cn gรกi แบก . Sแบฃn phแบฉm khรดng giแบฏc sแป kแปน nรชn rแบฅt dแป bung chแป + vแปi rแบฅt nhiแปu chแป thแปซa. Sแบฃn phแบฉm mรฌnh nhแบญn bแป lแปi แป ฤรกy quแบงn, nhแบฏn tin cho shop shop vแบซn chฦฐa rep แบก . Khรก lรขu nรชn thรดi mรฌnh ฤรnh รดm แบก. Sแบฃn phแบฉm rแบฅt tแป. Quแบงn rแบฅt mรตng vร dรฃy rแบฅt ghแบฝ tiแปn !!"
1,"Sแบฃn phแบฉm chแบฏc chแบฏn, nแบทng tay, ฤรณng gรณi chแบฏc chแบฏn, nรชn mua, phรน hแปฃp giรก tiแปn"
0,"Mรฌnh mua 2 quแบงn, 1 trแบฏng 1 ฤen, quแบงn trแบฏng rแบฅt แปn cรฒn cรกi quแบงn ฤen thรฌ thรดi rแปi lรบc ฤแบงu vแปซa nhแบญn hรng nรณ khรดng cรณ cรบc, sau khi mรฌnh mแบทc ฤi chฦกi thรฌ nรณ rรกch 1 lแป lแปn แป bรชn hรดng"
1,"Hรng rแบฅt chแบฏc chแบฏn, chแบฅt lฦฐแปฃng ฤรบng nhฦฐ bรi ฤฤng, nรชn mua nha mแปi ngฦฐแปi"
0,"mua cแปงa JBAGY nhiแปu lแบงn cแบฃ รกo vร quแบงn nhฦฐng lแบงn nรy Shipper thรกi ฤแป kรฌ, cรกu kแปnh giao hรng rแบฅt chแบญm tแบกm cho Shop 1 sao."
1,"Sแบฃn phแบฉm chแบฏc chแบฏn, sang xแปn mแปn, nรชn mua ฤแป bรn lรm viแปc nhรฉ mn"
0,"Quแบงn lรชn dรกng sแบฅu , vแบฃi mแปng nhanh nhรu nรกt . Giao hรng lรขu , tiแปn nรo cแปงa ฤรณ thรดi"
1,"Kแป chแบฏc chแบฏn, chแบฅt lฦฐแปฃng cao, tiแปn dแปฅng. Shop lแบฏp vรญt trฦฐแปc nhฦฐng vแบทn hฦกi chแบทt."
0,"Vแบฃi mแปng lแบฏm mแปi ngฦฐแปi. Giรก 95k.
Khรดng nรชn mua lรบc giรก 149k, 135k, Cรฒn muแปn mua thรฌ nรชn chแปn lรบc shop sale 115k vร voucher giแบฃm 20k cแปงa shop luรดn. Giรก tแปng 95k.
"
1,"Giรก ฤแปก dรนng tแปt, cรณ ฤi kรจm vแปi 1 cรกi thanh vแบทn cho ai muแปn chแบทt lay lรตng, khรก lร tiแปn. Shop gรณi hรng cแบฉn thแบญn."
0,"SHOP PHแปคC Vแปค KรM. Quแบงn mแปng lรชn form trรดng แปp แบนp khรดng ฤฦฐแปฃc ฤแบนp. Cรฒn lแปi phแบงn ฤรกy quแบงn, chแป thแปซa cรฒn nhiแปu. Sแป ฤo chฦฐa ฤฦฐแปฃc chรญnh xรกc mรฌnh cao m70 52kg mang 29 cรฒn chแบญt phแบงn ฤรนi vร ngแบฏn. Khรดng ฤรกng tiแปn vร thฦกid gian bแป ra chแป. Nhฦฐng mua vแป ฤn Tแบฟt nรชn ฤรnh vแบญy thรดi"
1,"Chแบฅt lฦฐแปฃng chฦฐa dรนng chฦฐa ฤรกnh giรก ฤฦฐแปฃc, nhฦฐng mแบซu mรฃ vร mรu sแบฏc khรก แปn. Khรก kiรชn cแป chแบฏc chแบฏn!"
0,ฤแปซng mua cแปงa shop Mรฌnh cรณ hแปi rรต sz ฤแป mua rแปi. Mua ฤรบng sz thรฌ vแป k mแบทc ฤc bรกo lแบกi shop thรฌ kรชu tแปฑ chแปu ship 2 ฤแบงu vร mรฌnh cรณ yรชu cแบงu tแปi shop ฤแปi vรฌ gแบงn nhร thรฌ bแบฃo k cho tแปi kรฌ mรฃi cx bแบฃo ship 2 chiแปu . Buรดn bรกn mร nhฦฐ nรy sau nรy k cรณ chแปฏ tรญn ai thรจm mua
1,"Giรก lรm bแบฑng kim loแบกi, rแบฅt chแบฏc chแบฏn, ฤแป ipad trรดng rแบฅt sang. Shop giao hรng nhanh vร bแปc cแบฉn thแบญn. Sแบฝ tiแบฟp tแปฅc แปงng hแป trong thแปi gian tแปi."
0,"Giao thiแบฟu hรng , gแปi khรดng cรณ nhรขn viแปn phแบฃn hแปi,  chฤm sรณc khรกch hรng kรฉm"
1,Kแป ฤแบนp Chแบฅt lฦฐแปฃng sแบฃn phแบฉm tuyแปt vแปi ฤรณng gรณi chแบฏc chแบฏn. Xแปn lแบฏm แบก
0,"Sแบฃn phแบฉm giแปng hรฌnh 100% thรกi ฤแป phแปฅc vแปฅ kรฉm ฤแบทt hรng 10 ngรy mแปi bแบฏt ฤแบงu gแปญi hรng
"
1,"sแบฃn phแบฉm ฤรณng gรณi cแบฉn thแบญn, chแบฅt lฦฐแปฃng o0k , giao hรng nhanh - cแบฉn thแบญn , lแบงn sau sแบฝ mua hแปงng hแป shop tiแบฟp , Thanks"
0,Dแปch vแปฅ ฤแปi trแบฃ hฦกi kรฉm quแบงn 120 mร gแปญi bฦฐu ฤiแปn ฤi mแบฅt 50 nแปฏa thรฌ cรฒn gรฌ
1,"Sแบฃn phแบฉm rแบฅt xinh ฤแบนp tuyแปt vแปi, tรดi khรดng thแป trรดng ฤแปฃi gรฌ hฦกn. Cแบฃm ฦกn nhร cung cแบฅp, nhร sแบฃn xuแบฅt, cแบฃm ฦกn ngฦฐแปi bรกn hรng, cแบฃm ฦกn sรn thฦฐฦกng mแบกi ฤiแปn tแปญ, cแบฃm ฦกn ngฦฐแปi vแบญn chuyแปn ฤแป tรดi cรณ cฦก hแปi dรนng sแบฃn phแบฉm tแปt nhฦฐ thแบฟ nรy."
0,"Lแบงn ฤแบงu mua rแบฅt tแปt nhฦฐng sang ฤแบฟn lแบงn thแปฉ 2 thรฌ quรก tแป 
ฤแป hoรn thiแปn kรฉm 
Chแป thแปซa nhiแปu phแบงn cรi cรบc chรกn luรดn"
1,"hรng gรณi kแปน, nhรฌn ฤแบนp vร chแบฏc chแบฏn, ฤแป ฤiแปn thoแบกi ok lแบฏm nha"
0,"Quแบงn to so vแปi kรญch thฦฐแปc
"
1,"Giรก ฤแปก cแปฑc chแบฏc chแบฏn luรดn, shop rep tin nhแบฏn nhanh vร nhiแปt tรฌnh. Mรฌnh rแบฅt hรi lรฒng vแป sแบฃn phแบฉm"
0,"Sao lแบกi giao ฤรดi tแบฅt yรชu cแบงu shop hoรn tiแปn giรบp mรฌnh
"
1,"Hรng nhฦฐ hรฌnh rแบฅt chแบฏc chแบฏn, giao nhanh, ฤรกng tiแปn. Mแปi tแปi ฤรณng gรณi khรก chรกn. Mร mรฌnh ฤem tแบทng nรชn k chแปฅp ฤฦฐแปฃc hic."
0,"Quแบงn bแป bแบฉn vแปi chแป thแปซa nhiแปu, quแบงn chฦฐa mแบทc ฤรฃ bแป bung cรบc. Sแบฃn phแบฉn k ฤรบng vแปi quแบฃng cรกo
"
1,Hรng chuyแปn tแปi sแปm hฦกn dแปฑ kiแบฟn. Chแบฅt lฦฐแปฃng hoรn thiแปn sp tแปt. Tks shop
0,Quแบงn khรดng ฤแบนp mแบทc nhฦฐ รดng giร. Khรดng khรกc gรฌ quแบงn tรขy รดng giร ngoรi ฤฦฐแปng mแบฅy chแปฅc ngรn. ฤแปnh cho 2 sao mร ฤang khรณ แป nรชn 1sao thuiiiiii. Tแปฉc.
1,"Hรng ฤแบนp, nhรดm chแบฏc cแปฉng, ฤรกng ฤแปng tiแปn bแป ra. Cho shop 5 sao."
0,"Quแบงn ฤแบนp nhฦฐng shop lแบกi giao hรng khรดng ฤรบng size cแบฃ hai ฤแปu lร size 29 mร cรกi to cรกi nhแป thแบญp chรญ cรฒn rแปng hฦกn size 30 ban ฤแบงu mรฌnh ฤแบทt, quรก thแบฅt vแปng
"
1,"Nhแบญn hรng xong mร ฦฐng cรกi bแปฅng . Hรng ฤแบนp , cแบงm chแบฏc tay . 1sp ฤรกng ฤแป mua"
0,Tแป
1,"Mรฌnh rแบฅt รญt khi ฤรกnh giรก shop sau khi mua hรng, lแบงn nรy thแบญt sแปฑ thแบฅy hรi lรฒng vแป tแบฅt cแบฃ, giao hรng nhanh tฦฐ vแบฅn kแปน bรn ฤแบนp nhฦฐ hรฌnh mรด tแบฃ cรณ 10 sao cลฉng chแบฅm cho shop."
0,Chรช
1,"Shop gรณi hรng tฦฐฦกng ฤแปi cแบฉn thแบญn hรฌnh thแปฉc bรn ฤแบนp vร chแบฏc chแบฏn, mแบทt bรn gแป ฤen mแปn sแป khรก thรญch, giรก rแบป hฦกn so vแปi cรกc sp cรนng mแบซu mรฃ mแปi ngฦฐแปi nรชn mua nhรฉ"
0,Shop gแปญi thiแบฟu hรng!!! ๐ ฤรณ lร chiแบฟc mรณc khoรก chแป 10k ฤแปi vแปi tรดi nรณ khรดng giรก trแป lร bao nhiรชu nhฦฐng ฤiแปu ฤรณ khแบณng ฤแปnh rแบฑng Shop lรm ฤn thiแบฟu chuyรชn nghiแปp.Khi mรฌnh nhแบฏn tin hแปi vแป vแบฅn ฤแป nรy thรฌ Shop khรดng trแบฃ lแปi trong thแปi gian khรก lรขu ฤiแปu ฤรณ khแบณng ฤแปnh chuyรชn viรชn tฦฐ vแบฅn khรดng tแบญn tรขm.
1,"Hรng bao xแปn luรดn nha, vแปi giรก nรy thรฌ chiแบฟc bรn nรy quรก ฦฐ lร hแปฃp lรฝ nha mn. Shop gรณi hรng cแบฉn thแบญn ship hแปa tแปc nhanh gแปn. Cแปฑc kรฌ hรi lรฒng vรฌ mรฌnh ฤรฃ tรฌm mua bรn khแบฏp shoppee mร hแบงu nhฦฐ shop nรo cลฉng gรณi bรn แบฉu lรm hฦฐ hแปng bรn."
0,Quแบงn nhฦฐ cc ko nรชn muazzzzzzzzzzzzgfdfffffttttg
1,Bรn dรนng oke chแบฏc chแบฏn ship siรชu nhanh ngแปง 1 giแบฅc ฤรฃ thแบฅy shipper gแปi lแบฅy hรng rแปi Gรณc nghiรชng chแบฏc chแบฏn cรณ giรก ฤแปก mรกy tรญnh tแบงm nhรฌn ok
0,"ฤฦฐแปng may kรฉm, nhฦฐng shop bแบฃo do mรฌnh mรดng to quรก nรชn bแป rแบกch vแบญy (mแบทc dรน quแบงn rแปng). Shop bรกn quแบงn รกo mร lแบญt mแบทt nhanh hฦกn bรกnh trรกng nฦฐแปng ๐๐ Cรฒn xรบc phแบกm ng ta ฤรฒi tiแปn shop nแปฏa."
1,"Nhรฌn hรฌnh mรฌnh cแปฉ nghฤฉ nhแป nhฦฐng nhแบญn ฤฦฐแปฃc rแปi thรฌ khรก to, siรชu tiแปn lแปฃi"
0,"Chแบฅt lฦฐแปฃng nhฦฐ ฤแป chฦกi cho con nรญt vแบญy.
Kรญnh thua mแบฅy chรบ bรกn mแบฏt kรญnh gรกnh hรng rong phรญ tiแปn ko nรชn mua.
"
1,"Rแบฅt chแบฏn chแบฏn, mรu dแป thฦฐฦกng, ฤแปc sรกch rแบฅt แปn, ฤa cรดng dแปฅng, vฤn phรฒng nรชn mua nhรฉ"
0,"Chแบฅt lฦฐแปฃng khรดng nhฦฐ kแปณ vแปng kรญn khรดng giแปng แบฃnh minh hแปa hoแบทc bแบฅt kแปณ แบฃnh nรo mร shop ฤแป ฤแป giแปng nhฦฐ treo ฤแบง.u d.รช bรกn thแป t choรก Thรnh mua shop Viแปt Nam cรฒn cรณ thแป ฤแปi trแบฃ chแบฃ mua nฦฐแปc ngoรi thรฌ chแปu
0:20
"
1,"Bรn ฤแบนp, ฤรณng gรณi cรกc gรณc cแบฉn thแบญn"
0,"Lแบงn nรy ฤฦกn hรng k hรi lรฒng lแบฏm , cแปฉ tฦฐแปng lร kรญnh trog suแปc chแป cรณ mแปi thanh ฤeo cรณ mรu ai nhแป kรญnh cรณ mรu hรฉt ฤeo lรชn k hแปฃp vแปi mแบทt"
1,Giรก thรฌ hฦกi mแบฏc nhฦฐng mร sแบฃn phแบฉm nhแบญn ฤฦฐแปฃc thรฌ rแบฅt ok nรชn lร ฤรกnh 5 sao.
0,hฦกi thแบฅt vแปng kรญnh hฦกi khรกc hรฌnh nhฦฐng cho 10 ฤiแปm giao hรng vรฌ
1,Bรn ฤแบนp khรก chแบฏc chแบฏn giao hรng nhanh .ฤรกng ฤแปng tiแปn bรกt gแบกo ok
0,"Kรญnh lแบงn nรy thแบฅt vแปng quรก แบก :'( 2 bรชn kรญnh khรดng giแปng nhau, mแปt bรชn kรญnh hฦกi bแป ฤแปฅc แบก (e cแปฉ nghฤฉ kรญnh bแป dฦก nรชn lau nhฦฐng hoรi mร hong ฤc) mong lแบงn sau mua shop sแบฝ check kรญnh lแบกi kฤฉ hฦกn trc khi giao แบก โค๏ธ"
1,Bรn nom khรก xแปn. Cลฉng khรก chแบฏc chแบฏn. Sแบฝ แปงng hแป tiแบฟp nแบฟu cแบงn ๐๐๐๐
0,"Kรญnh gแปng khรก lร yแบฟu vร chแบทt nแบฟu k cแบฉn thแบญn thรฌ sแบฝ bแป gรฃy. Mรu hแปng thรฌ tแบกm แปn cรฒn mรu vรng thรฌ k thรญch, mรu xanh thรฌ bt. Trฦฐแปc bแบกn cแปงa mรฌnh cรณ mua แป ฤรขy nhฦฐng vแป ฤแบนp hฦกn nhiแปu so vแปi mรฌnh mua"
1,"Bรn ฤแบนp, chแบฏc chแบฏn, giao cลฉng nhanh. Shop thรฌ rแบฅt tแปt bแปฅng vรฌ mรฌnh khรดng biแบฟt nรชn cรณ gแปi hแปi. Shop nhiแปt tรฌnh trแบฃ lแปi vร hแป trแปฃ hแบฟt mรฌnh."
0,"Giao hรng quรก lรขu gแปng kรญnh bแป cแปฉng hรng cx tแบกm ฤc dแป gรฃy nx .....
"
1,"Xแปn xรฒ wa' trแปi, chแบฏc chแบฏn mร ฤแบนp nแปฏa, sp nhฦฐ hรฌnh minh hแปa 10ฤ nhoaaaaaa"
0,"Quแบงn xแบฅu lแบฏm mรฌnh mแบทc vรด hรดng ฤแบนp do tฦฐแปng mรฌnh xแบฅu!
"
1,ฤรฃ nhแบญn dk hang .ฤแบนp ฤรบng nhu tฦฐ vแบฅn .trแบฏc chแบฏn .dแปch ma hรng giao nhah .moi ฤแบทt ma nay ฤรฃ nhแบญn dk rแปi .mng nen mua แบก. Chแบฅm shop 1000 sao
0,"รo thรฌ rรกch thแบฅy k ฤรกng nรชn mรฌnh mแบฅy lแบกi dรนng 
ฤแบทt 2 ฤรดi dแป tรญnh tiแปn 2 nhฦฐng chแป giao 1 lรm ฤn kรฉm chแบฅt lฦฐแปฃng , thแบฅy mรนa dแปch nรy vแบญn chuyแปn trแบฃ hรng khรณ khฤn nรชn shop lรm ฤn kiแปu v , khรดng cรณ lแบงn sau nแปฏa 
Mแปi ngฦฐแปi cรขn nhแบฏc khi mua ฤแป shop nรy"
1,"Shop giao hรng nhanh, tฦฐ vแบฅn nhiแปt tรฌnh. Nhแบญn ฤฦฐแปฃc hรng lแบฏp luรดn cho nรณng :))"
0,"ฤแบทt 36 giao 38, trรชn tem ghi 36, trรชn รกo ghi 38. Lรm ฤn linh ta linh tinh"
1,"Bรn vแป rแบฅt ฤแบนp, mแบทc dรน vแบญn chuyแปn cรณ chรบt trแปฅc trแบทc nhฦฐng shop vแบซn hแป trแปฃ hแบฟt mรฌnh. Bรn cรณ mแบป 1 gรณc nhแป nhฦฐng ko sao mแบทt bรn vแบซn ฤแบนp nguyรชn. Xung quanh cรกc gรณc cรณ bแปc xแปp nรชn khรก yรชn tรขm"
0,"Bแบฃo lแบฅy mรu da nhฦฐng lแบกi giao mรu vรng vแปi mรu nรขu. Sop ban hang ko uy tin
"
1,"ฤแบนp. Rแบฅt ฤรกng mua, shop tฦฐ vแบฅn tแบญn tรฌnh dแป thฦฐฦกng chua ฤรกo."
0,"Nhฦฐ ฤแป chฦกi, รกo mแปng, mแบทc xoรจ ra khรดng รดm ngแปฑc, chฦฐa giแบทt nhฦฐng chแบฅt vแบฃi khรดng ok lแบฏm. Giแบทt mรกy nhanh hฦฐ
"
1,"Bรn to, ฤแบนp, nแบทng vร chแบฏc mร cรฒn gแบฅp chรขn gแปn ฤฦฐแปฃc nแปฏa! Mรฌnh ฤแบทt xa nรชn cลฉng lo lแบฏng hรng sแบฝ trแบงy xฦฐแปc, mรณp mรฉo, nhฦฐng shop gรณi hรng rแบฅt chแบฏc vร cแบฉn thแบญn, nhแบญn hรng lร ฦฐng ngay! Shop cรฒn chฤm sรณc khรกch hรng rแบฅt nhiแปt tรฌnh vร trรขn quรฝ! Sแบฝ แปงng hแป shop nhiแปu hฦกn nแปฏa, chแป ngแบกi shop vแบญn chuyแปn xa thรดi!"
0,"Kแบฟt quแบฃ sau 1 lแบงn giแบทt cรฒn chฦฐa mแบทc em แบฅy lแบงn nรo ฤรฃ tรกch ฤรดi mรบt quแบฃ! Hรng ฤแปu nแบฟu 0xu thรฌ mแปi xแปฉng ฤรกng chแปฉ 1 xu cรฒn lร nhiแปu แบฅy! ฤแปซng mua
"
1,"bรn ฤแบนp, chแบฏc chแบฏn, ฤรณng gรณi kแปน, lรบc ฤแบงu loay hoay k biแบฟt gแบฅp lแบกi nhฦฐ nรo, thแบฅy cรณ tแป giแบฅy dฦฐแปi bรn, cแบฃm giรกc nhฦฐ ad biแบฟt trc tฦฐฦกng lai v kkkk, bรn chแบฏc lแบฏm, quรก tแปt cho 1 sแบฃn phแบฉm chแบฅt lฦฐแปฃng, 5 sao."
0,bรชn vc giao hรng ฤฦกn ko ฤแปng ko gแปi ฤiแปn. tแปฑ tick ฤรฃ nhแบญn hรng. sรกng hรดm sau gแปi ฤiรชn bรกo ฤรฃ nรฉm qua cแปng.  thiแบฟu trรกch nhiแปm
1,"Sau bao ฤแปฃt ฤแปi trแบฃ thรฌ cuแปi cรนng cลฉng vแปซa รฝ, mแปซng lแบฏm luรดn. Vรฌ bรn ฤแบนp, giรก lแบกi khรก dแป chแปu, hแปฃp lรฝ"
0,"Giao hรng khรดng ฤรบng quแบฃng cรกo, chแบฅt lฦฐแปฃng hฦกi kรฉm, รกo dแปกm, mn cรขn nhแบฏc trฦฐแปc khi mua! ร รกo size bแป rแปng hฦกn size chuแบฉn nhรฉ! Mรฌnh size 34/75 mร แป ฤรขy cลฉng 34/75 nhฦฐng mแบทc thแปญ thรฌ rแปng."
1,Bรn cรณ hฦกi xฦฐแปc cแบกnh 1 chรบt do vแบญn chuyแปn nhฦฐng mแบทt bรn vแบซn ฤแบนp lแบฏm nha. Nรชn mua :D
0,"แบฅt nhแป so vแปi size, chแบฅt liแปu khรดng co giแบฃn, thรด cแปฉng, ฤแบทt 2 cรกi bra khรกc nhau mร khรดng mang ฤฦฐแปฃc cรกi nรo, cรฒn ship lแปn hรng nhฦฐng shop k hแป trแปฃ ฤแปi trแบฃ"
1,"Shop ฤรณng gรณi cแบฉn thแบญn , nhiแปt tรฌnh , giao hรng nhanh. Bรn chแบฏc chแบฏn, ฤแบนp, chแบฅt lฦฐแปฃng tuyแปt vแปi!!!"
0,"Sแบฃn phแบฉm nรy khรดng ฤรบng vแปi hรฌnh แบฃnh quแบฃng cรกo. Shop ko ฤรกng tin cแบญy
"
1,Giao lแปn mรu hay lร mรu xรกm lร mรu nรy thแบฅy khรดng giแปng trรชn hรฌnh mร thรดi hรng ฤแบนp vร ship nhanh nรชn vแบซn chแบฅm shop 5 sao
0,"mรu sแบฏc ko ฤรบng, ฤแบทt 10 mรu mร chuyแปn cรณ 3 mแบงu"
1,"Mรฌnh ฤรฃ thแปญ qua รญt nhแบฅt lร 5 mแบซu khรกc nhau, ฤรขy lร mแบซu mร mรฌnh hรi lรฒng nhแบฅt. ฤแบนp, chแบฏn chแบฏn, ฤiแปu chแปnh linh hoแบกt, nแบทng... nรชn khi thao tรกc trรชn ฤiแปn thoแบกi khรดng bแป rung, ngรฃ. Shop giao thiแบฟu hรng, mรฌnh thรดng bรกo vร shop ฤรฃ gแปญi cรกi thiแบฟu cho mรฌnh, shop cรณ trรกch nhiแปm."
0,"Giao thiแบฟu hรng.
"
1,"Hรng ฤแบนp, chแบฏc chแบฏn, hoรn thiแปn khรก tแปt. Mรฌnh ฤแป Ipad 10.2 ok. J&T giao hรng nhanh."
0,"iao hรng ko ฤรบng mแบซu ฤรฃ ฤแบทt thay thแบฟ bแบฑng mแบซu khรกc giรก thแบฅp hฦกn , do mรฌnh sฦก xรณt ko kiแปm hรng trc. Tuy lร hรng sale nhฦฐng shop cลฉng phแบฃi trung trแปฑc vร bรกo hแบฟt chแปฉ ko phแบฃi thay thแบฟ mแบซu nรo cลฉng dc. Chแบฅt lฦฐแปฃng cลฉng tฦฐฦกng แปฉng vแปi giรก tiแปn, mแบทc dรน ko bao nhiu nhฦฐng ฤรฃ lรm mแบฅt uy tรญnh cแปงa shop ."
1,"Sแบฃn phแบฉm nhแป gแปn, chแบฏc chแบฏn. Giao hรng tแปซ Hร Nแปi ฤแบฟn HCM mร siรชu nhanh. Shop tฦฐ vแบฅn nhiแปt tรฌnh. Xแปฉng ฤรกng mua"
0,"รo qรก bรฉ , chแป mua cho hแปc sinh thรฌ mแบทc ฤฦฐแปฃc, ngฦฐแปi lแปn k mแบทc vแปซa. Qแบงn lรณt chแบฅt lฦฐแปฃng kรฉm , dแป bong lแปp lรณt"
1,"Shop giao hรng rแบฅt nhanh, ฤรณng gรณi cแบฉn thแบญn. Chแบฅt lฦฐแปฃng sแบฃn phแบฉm rแบฅt tแปt"
0,"Shop giao thiแบฟu sแบฃn phแบฉm, ฤรฃ phแบฃn hแปi nhฦฐng shop khรดng khแบฏc phแปฅc"
1,"Hรng rแบฅt ok , rแบฅt dรy dแบทn , ฤรกng ฤแปng tiแปn bแป ra mua , giao hรng nhanh , shiper thรขn thiแปn"
0,ฤแบทt 4 mรณn giรก 54k nhฦฐng giao thรฌ ฤc 3 mรณn giรก 30k.  Lรm ฤn tแบฏc trรกch.  Cรณ 24k nรชn chแบฃ thรจm trแบฃ hรng mแบฅt thแปi gian
1,"Sp bแบฑng inox dแบงy dแบทn, rแบฅt chแบฏc chแบฏn. Chรขn vร mแบทt ฤแปก cรณ miแบฟng bรกm rแบฅt chแบฏc, xแปฉng ฤรกng vแปi giรก tiแปn. Ipad pro hฦกi to nรชn mรฌnh thรญch ฤแบทt ngang hฦกn. Giao hรng nhanh, hรดm trฦฐแปc ฤแบทt hรดm sau ฤรฃ nhแบญn ฤฦฐแปฃc hรng."
0,"shop nรy ko ฤแปi hรng dรน sp khรกc mรด tแบฃ. ko nhฦฐ nhแปฏng shop khรกc mรฌnh ฤรฃ mua rแบฅt nhiแปu trรชn shoppe
cรกc bแบกn cรขn nhแบฏc khi mua vรฌ khรดng hแป trแปฃ ngฦฐแปi mua hรng"
1,"ฤรกnh giรก sแบฃn phแบฉm tแปt, phรน hแปฃp vแปi ngฦฐแปi tiรชu dรนng. Chแบฅt lฦฐแปฃng sแบฃn phแบฉm ฤรบng vแปi hรฌnh แบฃnh mรด tแบฃ"
0,"Nhแบญn hรng thรฌ thแบฅy ฤแบนp, nhฦฐng khi khui hรng thรฌ k ฦฐng vรฌ shop trc khi ฤแปng gรณi mร k kiแปm tra cho khac . Mot ben quai ฤeo cแปฉng khรณ mแป ra phแบฃi bแป mแบกnh mแปi mแป dc nhแบน k k ra . Mแบกnh quan thi lแบกi sแปฃ gรฃy. Giรก tiแปn k cรณ bn nen minh k ฤแปi hรng vรฌ thแบฅy phiแปn vร xa xรดi,"
1,"Cแบงm nแบทng tay chแบฏc chแบฏn,dแปฑng ipad pro mร siรชu chแบฏc k nghiรชng ngแบฃ j,giao vแป quรช hฦกi lรขu tรญ chแบฏc do trรบng lแป"
0,"Kรญnh vแป hฦกi lรขu, mรu xanh trรดng cลฉng ฤแบนp nhฦฐng cรณ vแบป hฦกi lแปng lแบปo, rแบฅt dแป gรฃy, giรก hฦกi ฤแบฏt so vแปi chแบฅt lฦฐแปฃng kรญnh, mแบฏt kรญnh chแปng bแปฉc xแบก khรก kรฉm, mแบฏt kรญnh mแปi mua vแป ฤรฃ bแป xฦฐแปc nhแป, sแบฝ khรดng mua lแบกi lแบงn nแปฏa nhฦฐng ฤรณng gรณi rแบฅt tแปt vร chแบฏn chแบฏc"
1,Rแบฅt lร ฤรกng tiแปn nha Giao hรng lแบกi cรฒn nhanh nแปฏa Lแบงn sau mรฌnh sแบฝ xem ฤแป แปงng hแป shop nha
0,"Kรญnh nแปฉt vแปก gแบงn hแบฟt. Mแบทc dรน mรฌnh ฤรฃ mua thรชm hแปp. Sp chแบฅt lฦฐแปฃng kรฉm.
"
1,"Chแบฅt lฦฐแปฃng giรก ฤแปก tแปt, chแบฏc chแบฏn. Mรu ฤแบนp y hรฌnh. ฤรณng gรณi ok , giao hรng nhanh"
0,รo xแบฅu. Nhฦฐng vแปซa tแบงm giรก.รo mแปng . Vร in chแปฏ xแบฅu. Mang nhฦฐ ko mang vแบญy
1,"ฤรณng gรณi sแบฃn phแบฉm rแบฅt ฤแบนp vร chแบฏc chแบฏn , chแบฅt lฦฐแปฃng cรฒn chแป sแปญ dแปฅng"
0,"Kรญnh lแปch lรชn form mรฉo mรณ ko ฤแบนp huhu,hรฌnh แบฃnh chแป mang tรญnh chแบฅt minh hแปa
"
1,hรng cแปฉng cรกp. chแบฅt lฦฐแปฃng tแปt ๐๐๐ sแบฝ tiแบฟp tแปฅc mua
0,"Vรฌ thแปi gian giao hรng ฤแบฟn tแบญn 1 thรกng nรชn mรฌnh trแปซ 2 sao.gggggggggggggggggggg hรฌnh แบฃnh chแป mang tรญnh nhแบญn xu
"
1,Xแปn sรฒ lแบฏm cแบฃ nhร. Chแบฏc chแบฏn ฤแป ฤk ipad. Nรณi chung lร ฤรกng ฤแปng tiแปn
0,"thแบญt thแบฅt vแปng !! nรณ ฤแบนp thแบญt nhฦฐng mร 2 cรกi gแปng nรณ lแปng lรจo :))) ฤรฉo bth okee nhฦฐng mร ฤeo mร mang khแบฉu trang nรณ rแปt cmnl =))))) ฤรฃ buแปn bแปฑc vรฌ ฤแบทt 4 kรญnh shop giao 3 kรญnh :))) dรน hoรn tiแปn 22k lแบกi ฤฦกn kรญnh kia nhmร kbh quay lแบกi shop nรy nแปฏa, ฤรฃ thiแบฟu 1c, lแบกi hฦฐ 1c CHรN kh tแบฃ ฤc =)))"
1,Chแบฅt lฦฐแปฃng sแบฃn phแบฉm tแบกm แปn ฤรณng gรณi sแบฃn phแบฉm tแบกm แปn Shop phแปฅc vแปฅ tแบกm ฤฦฐแปฃc Giรก rแบป nรชn khรดng mong chแป vรo chแบฅt lฦฐแปฃng sแบฃn phแบฉm lแบฏm Giao hรng lรขu thiแปt Tแบกm แปn
1,"Mรฌnh mua แป chแปฃ ฤรฃ ba mฦฐฦกi ka mแปt chiแบฟc mร mua แป ฤรขy cรณ mฦฐแปi ka quรก rแบป lun, mua phรกt 16c thay cho thoแบฃi mรกi. Loแบกi nรy mรฌnh mua แป chแปฃ cลฉng i hแปt. N lร dรนng keo dรกn chแปฉ khรดng phแบฃi may chแป nรชn giแบทt nฦฐแปc nhanh bong. Vแปi mรฌnh cลฉng bรฉo nรชn n cฤng. Mรฌnh mรดng 100 mร xl cรณ khi hฦกi รดm chแปฉ cลฉng khรดng rแปng rรฃi lแบฏm. L thรฌ cรณ vแบป ai tแบงm dฦฐแปi 50kg thรฌ tแบกm bon chen nhฦฐng vแบซn bรณ. Ai muแปn rแปng rรฃi nรชn cรขn nhแบฏc"
1,Hรng ฤแบนp tแปt giรก quรก rแบป mแปi ngฦฐแปi nรชn mua nha shop cรณ che tแบปn nha giao hรng khรก nhanh nรณi chung lร hรng quรก ฤแบนp khรดng cรฒn chแป nรo chรช
1,Shop giao hรng nhanh Nhแบฏn tin tฦฐ vแบฅn nhiแปt tรฌnh Mแบทc tแปt thoแบกi mรกi
1,"Giao hรng nhanh แบก, hรฌnh แบฃnh chแป mang tรญnh chแบฅt nhแบญn xu"
1,Nรชn mua nha mแปi ngฦฐแปi mแบทc mรกt cho mรนa hรจ nรy lแบฏm rแบป mร vแบฃi dแบงy mรกt kinh khแปงng sแบฝ แปงng hแป ship lรขu dรi
1,"giao hรng nhanh, chแบฅt lฦฐแปฃng แปn nรณi chung lร sau sแบฝ ung ho shop tiแบฟp แบก"
1,"Quแบงn ฤแบนp chแบฅt mรกt, mรu tรญm nhแบน nhรng, ฤรณng gรณi cแบฉn thแบญn, cho shop 5 sao"
1,Giao hรng nhanh. ฤรณng gรณi cแบฉn thแบญn. Chแบฅt liแปu rแบฅt lร ฦฐng luรดn. Rแบฅt lร hรi lรฒng. Cho shop 5 sao. Sแบฝ แปงng hแป shop nhiแปu nhiแปu
1,"รo chแบฅt lฦฐแปฃng tแปt mแปi thแปฉ แปn hแบฟt nhรก ,nรชn mua ฤรกng tiแปn"
0,"Quแบงn from rแบฅt nhแป, shop chuแบฉn bแป hรnh rแบฅt lรขu, mรฌnh แป Hร Nแปi phแบฃi chแป gแบงn 1 tuแบงn mแปi nhแบญn ฤฦฐแปฃc"
0,Mua lแบงn ฤแบงu nhฦฐng mรฌnh sแบฝ k mua lแบงn 2 sp khรดng ฦฐng nch lร chรกn. Khรดng cรณ lแบงn 2
0,"Mua 3 chiแบฟc qแบงn cรนng mแบซu cรนng size nhฦฐng chiแบฟc vแปซa chiแบฟc nhแป xรญu , 50 kg mแบทc cรฒn k vแปซa mร ghi ฤแบฟn 72 ๐ รกo mua sz bth hay mแบทc mร nรณ nhฦฐ cho hs tiแปu hc รฝ, ham rแบป nรชn chแปu v ๐"
0,Cแปฉ tฦฐแปng hรng sale nรชn mua . Chแปฉ cรฒn hรng chแป xแปฉng ฤรกng vแปi giรก sale thรดi. Cao xu ฤรบc mแบทc cแปฉng ฤฦก k co dรฃn tรญ nรo quแบงn thรฌ ฤแบทt sz lแปn . Nhฦฐng vแบซn bรณ sรกt vรo ฤรนi ฤau khรณ chแปu
0,"Shop chuแบฉn bแป hรng rแบฅt lรขu, mรฌnh hแปงy nhฦฐng khรดng ฤฦฐแปฃc xรกc nhแบญn. Lแบงn ฤแบงu ฤฦกn vแป vแบญn chuyแปn qua lแบฅy hรng khรดng thรnh cรดng. Gรณi hรng thรฌ nhฦฐ video. Rแบฅt lร ba chแบฅm luรดn."
0,"Quแบงn nhแป mแบทc hฦกi chแบญt mรดng cho bแบกn nรo ngฦฐแปi hฦกi mแบญp, shop giao thiแบฟu cแปงa mรฌnh 1 quแบงn vร cรณ phแบฃn hแปi nhฦฐng chฦฐa giแบฃi quyแบฟt. Vรฌ cรณ 1 chiแบฟc quแบงn nรชn mรฌnh bแป qua. Nhฦฐng sแบฝ ko mua lแบกi."
0,Cรนng size nhฦฐng cรกi mรu ฤen to hฦกn mรu trแบฏng Nhแบฏn tin shop ko trแบฃ lแปi Giao hรng rแบฅt lรขu
0,Giao thiแบฟu Hoรn tiแปn vรo vรญ Rรบt ra mแบฅt 11k phรญ Giแบฃi quyแบฟt lรขu lแบฏc
0,Giao hรng thiแบฟu vร sai mรณn order. Cรณ nhแบฏn tin phแบฃn รกnh hoรn tiแปn nhฦฐng ฤรณ khรดng phแบฃi lร cรกch lรm viแปc chuyรชn nghiแปp.
0,"Rแปi cรกi mรu xanh cแปงa mรฌnh ฤรขu? Order ฤแป, xanh, da hแปngโฆ giao cรณ 2 cรกi. Thiแบฟu cรกi mรu xanh. Tiแปn thรฌ tรญnh ฤแปง. Kรฌ zแบญy? Nhแบฏn tin cho shop giแบฃi quyแบฟt mร shop lรm lฦก. Ko thรจm giแบฃi quyแบฟt cho khรกch. Cรกi quแบงn cรณ 9.9k thรดi mร lรm mแบฅt uy tรญn quรก! Lรm ฤn quรก tแป!"
0,rแบฅt tแป ? khรกch ฤแบทt 1 kiแปu giao 1 kiแปu hรng cรฒn lแบฅy ฤฦกn cแปงa ngฦฐแปi khรกc gรณi vรo ฤฦกn mรฌnh nแปฏa chแปฉ vแป thแบฅy quแบงn vแปซa to vแปซa khรกc mแบซu mรฌnh ฤแบทt quรก thแบฅt vแปng . Mรฌnh chแปง quan khรดng kiแปm tra hรng trฦฐแปc lแบกi bแบฅm nhแบญn ฤฦฐแปฃc hรng . khรดng bao giแป quay lแบกi cรกi shop nรy quรก lร tแป ???
0,"Mua quแบงn mรu nude ฤแป mแบทc vแปi quแบงn trแบฏng mร quแบงn mรu nu kiแปu gรฌ mร nhฦฐ mรu hแปng thแบฟ , chรกn cรกi shop nรy lแบงn sau sแบฝ k bao giแป ฤแบทt k nรชn mua ๐๐"
0,"ฤรฃ chแปn mรu theo hรฌnh rแปi, ai mร biแบฟt nghฤฉ shop nฦฐแปc ngoรi nรณ phรขn mรu cho dแป, cuแปi cรนng giao tรนm lum mรu"
0,"Chuแบฉn bแป hรng ฤรฃ mแบฅt 3 ngรy quรก chแบญm chแบกp ,nhแบฏn tin cho shop thรฌ mรฃi mแปi chแปu tl ,chแบฅt lฦฐแปฃng sp thรฌ tiแปn nรo cแปงa ฤรณ"
0,"Shop giao thiแบฟu sแบฃn phแบฉm, ฤรฃ phแบฃn hแปi nhฦฐng shop khรดng khแบฏc phแปฅc"
0,"รo qรบa bรฉ , chแป mua cho hแปc sinh thรฌ mแบทc ฤฦฐแปฃc, ngฦฐแปi lแปn k mแบทc vแปซa. Quแบงn lรณt chแบฅt lฦฐแปฃng kรฉm , dแป bong lแปp lรณt."
0,"Giao hรng ko ฤรบng mแบซu ฤรฃ ฤแบทt thay thแบฟ bแบฑng mแบซu khรกc giรก thแบฅp hฦกn , do mรฌnh sฦก xรณt ko kiแปm hรng trc. Tuy lร hรng sale nhฦฐng shop cลฉng phแบฃi trung trแปฑc vร bรกo hแบฟt chแปฉ ko phแบฃi thay thแบฟ mแบซu nรo cลฉng dc. Chแบฅt lฦฐแปฃng cลฉng tฦฐฦกng แปฉng vแปi giรก tiแปn, mแบทc dรน ko bao nhiu nhฦฐng ฤรฃ lรm mแบฅt uy tรญnh cแปงa shop ."
0,Quแบงn shop nรy ฤแปu lแบฏm khรดng nรชn mua
0,Giao thiแบฟu hรng.
0,"mรu sแบฏc ko ฤรบng, ฤแบทt 10 mรu mร chuyแปn cรณ 3 mแบงu"
1,Hรng bao ฤแบนp nha vแบฃi mแปng nhฦฐng k lแป thแบญt sแปฑ rแบฅt thรญch vแปi giรก nรy quรก rแบป mแปi ngฦฐแปi nรชn mua khรดng phรญ tiแปn nhฦฐng ฤฦฐแปng may k ok lแบฏm nรชn phแบฃi mang ฤi ฤแบกp thรชm ฤฦฐแปng cho chแบฏc cแบกp cao tรณm lแบกi hรng rแบฅt rแบฅt ok size cรขn nแบทng shop ฤฦฐa ra rแบฅt chuแบฉn nha
1,"Giao hรng nhanh , quแบงn mรu ฤen mรฌnh cao m5 nรชn quแบงn nรy vแปi mรฌnh thรฌ hฦกi dรi nhฦฐng nแบฟu ฤแปn giรy thรฌ ok ฤแบนp nรชn mua nha mแปi ngฦฐแปi"
1,"Quแบงn xinh, giแปng mรด tแบฃ, mแบทc แบฅm, ๐ฆgiao hรng nhanh"
1,"Quแบงn xinh, giแปng mรด tแบฃ, mแบทc แบฅm, ๐ฆgiao hรng nhanh"
1,Cลฉng oke แบก Vแบฃi hฦกi mแปng 50kg m6 size xl thรฌ vแปซa vag oke lแบฏm แบก ฤรกng xiแปng
1,Tแปt. Phรน hแปฃp vแปi giรก tiแปn
1,Hรng ฤแบนp quแบงn xแปn mแบทc ฤi tรดn chรขn nhแป ฤแบนp lแบฏm nhรก
1,vแบฃi dรy dแบทn chแบฅt ฤแบนp รดm ng mฦฐแปi ฤiแปm
1,Vแบฃi may chแบฏc chแบฏn ฤแบนp sแป mรกt mแปn tay nhรฉ nรชn mua giรก rแบป chแบฅt lฦฐแปฃng
1,anh khรดng ฤi ฤฦฐแปฃc ฤรขu em แบก khรดng phแบฃi lร em khรดng ฤi lรm ร mร em khรดng cรณ xe vแป nhร bร nแปi ฤi lรm ร mร em ฤi lรm ร mร
1,quแบงn ฤแบนp co giรฃn tแปt
1,"Nรขng cao hiแปu quแบฃ cรดng tรกc cai nghiแปn ma tรบy vร quแบฃn lรฝ ngฦฐแปi sแปญ dแปฅng trรกi phรฉp chแบฅt ma tรบy - Vรฌ mแปt cแปng ฤแปng khแปe mแบกnh vร an toรn. Phรฒng, chแปng ma tรบy lร trรกch nhiแปm cแปงa mแปi cรก nhรขn, gia ฤรฌnh vร toรn xรฃ hแปi. Mang tc nhแบญn xu sp ok vแปซa lแบฏm"
0,Quแบงn mแปng ฤฦฐแปng kim mลฉi chแป khรดng chแบฏc chแบฏn khรดng co giรฃn mแบฅy
0,Quแบงn chแบฅt mแปng khรกc vแปi trฦฐแปc mรฌnh mua quรก mแบทc vรo mร chแป rรกch แบงm แบงm sแปฃ luรดn sแบฝ k mua lแบกi
0,quแบงn kiแปu gรฌ kรฉo mแปt phรกt sแปฉt chแป thแบฟ nรy๐ฅฒ rแบป nhฦฐng mร รญt ra cลฉng nรชn แปn xรญu chแปฉ...
0,Quแบงn mแบทc lแบงn ฤแบงu ฤรฃ ฤแปฉt hแบฟt chแป แป phรญa cแบกp quแบงn. Thแบฟ lร lแบกi cแปi ra cแบฅt luรดn. Rแบป nรชn ko mong ฤแปฃi nhiแปu nhฦฐng mแปi xแป lแบงn ฤแบงu ฤรฃ vแบญy nรชn hฦกi thแบฅt vแปng. แบขnh nhแบญn xu
0,"Quแบงn rแบฅt mแปng, vแบฃi hฦกi bรณng. Mแบทc 1 hรดm ฤฦฐแปng chแป mรดng ฤรฃ rรกch cแบฏn chแป lแปm ฤแปm."
0,Tiแปn nรo cแปงa ฤรณ รo vรi cแปฉng thรด. ฤแบทt trแบฏng giao nรขu ฤแปi qua ฤแปi lแบกi tiแปn phรญ vc cรฒn hฦกn.
0,Vแปซa mแบทc ฤรฃ bแปฅc vs rรกch hแบฟt ฤฦฐแปng chแป. Rแบฅt bแปฑc vรฌ mแปi mua
0,Shop giao size M thรnh S huhu chรกn quรก trแปi buแปn shop ghรช ฤรณ trฦฐแปc mua thแบฅy ฤแบนp mร lแบงn nรy shop giao sai๐ข
0,Mแปi xแป vรo thแปญ thรดi ฤรฃ thแบฅy cแบฏn vแบฃi r. Chรกn luรดn .chแบฏc mแบทc ฤk vรi lแบงn. Rแบงu quรก.
0,Lรm ฤn vแป va vแป vแบฉn. Thร giรก cao nhฦฐ nhแปฏng shop khรกc mร bรกn cho nรณ chuแบฉn cรฒn hฦกn kiแปu nรy. Mua 3c size Xl thรฌ lแบกi cho khรกch 3c size S. Giแป mแบทc kiแปu gรฌ. Lรm ฤn thแบฟ nรy nghiแปp quแบญt cho
0,Quแบงn tแบกm ฤฦฐแปฃc chแป thแปซa nhiแปu quแบงn bแป sแปn hแบฟt ฤแบฑng sau buแปnnnnnnn
0,"Quแบงn vแปซa vแบทn, vแบฃi ko dรy lแบฏm, co giรฃn quรก nhiแปu nรชn mแปi mแบทc 1 lแบงn mร ฤรฃ thแปงn nhรฌu lแป ngay sรกt mรฉp ฤฦฐแปng may cแปงa sau mรดng"
0,Mแปng tanh. Cแปฉng ฤฦก. Size XL mร nhฦฐ size S khรดng co dรฃn tรฝ nรo luรดn
0,Giao quแบงn lแปi 1 lแป nhฦฐng do phแบฃi ฤแปi trแบฃ lแบฑng nhแบฑng nรชn thรดi. Thแบฅy cรณ nhแบญn quร ฤi kรจm nhฦฐng lแบกi khรดng cรณ
0,"Chแบฅt lฦฐแปฃng quแบงn rแบฅt tแป. Rแบป lร ko tแปt rแปi, ฤรฃ yรชu cแบงu huแปท ฤฦกn nhฦฐng shop vแบซn giao. Mแปi mแบทc lแบงn ฤแบงu phแบงn ฤรกy quแบงn ฤรฃ bแป nhฦฐ vแบญy.. mแบทc dรน cรขn nแบทng lร quแบงn size M ฤรฃ cแบฉn thแบญn mua luรดn size XL vแบซn bแป."
0,"Vแบฃi mแปng, ฤแบทt set 10 ฤรดi mร bแปch nรo cลฉng thiแบฟu 1 ฤรดi, mรu thรฌ ฤรดi giแปng ฤรดi khรดng. Nรณi chung chแบฅt lฦฐแปฃng sแบฃn phแบฉm khรก tแป"
0,"Tแบฅt mแปng nhรฃo nรณi chung chแบฏc nhฦฐ hรng dรนng 1 lแบงn, phรน hแปฃp vแปi giรก tiแปn khรดng nรชn ฤรฒi hแปi gรฌ hฦกn, giรก rแบป nรชn chแบฅp nhแบญn"
0,Tแบฅt thแบญt sแปฑ quรก mแปng. K giแปng cรกc loแบกi tแบฅt cรนng loแบกi mรฌnh tแปซng mua. ฤi 2 lแบงn thรฌ hแปng mแบฅt
0,"Tแบฅt nhฤn nhรบm, chแบฅt liแปu mแปng manh, khรดng nรชn mua ฤรขu nhรฉ, cแบฃm giรกc nhฦฐ dรนng rแปi vแบญy"
0,Tแบฅt mแปng nhฦฐ giแบฅy. ฤi bรญ chรขn. ฤแป mแป hรดi. Khแป chแปu. แบขnh mang tรญnh chแบฅt minh hoแบก
0,Tแบฅt mแปng khรดng dรy nรณi chung tiแปn nรo cแปงa ฤแบฅy Sau sแบฝ rรบt kinh nghiแปm khi mua sแบฃn phแบฉm
0,Vแป hฦกi mแปng nhรฉ nhฦฐng ฤแปง mรu
0,Mแปng dรญnh luรดn แบก. Nhรฌn nhฦฐ tแปซng ฤeo r. Rแบฅt thแบฅt vแปng๐ฅ
0,Tแบฅt mแปng k thแป mแปng hฦกn :)))) mแปng nhฦฐ cรกi cuแปc ฤแปi nรy cแปงa mรฌnh vแบญy ๐ฅฒ
0,Tแบฅt quรก mแปng
0,"Tแบฅt kรฉm chแบฅt lฦฐแปฃng, tแบฅt bแป dรฃn phแบงn gรณt, 10 ฤรดi thรฌ 9 ฤรดi bแป dรฃn. Lแบงn ฤแบงu mua tแบฅt gแบฅu mร chแบฅt lฦฐแปฃng ko tแปt nhฦฐ vแบญy ๐"
0,Sแบฃn phแบฉm quรก mแปng.chแบฅt lฦฐแปฃng kรฉm
0,"Thแบฅt vแปng vแป shop,10 ฤรดi mร giao hรng thiแบฟu .ฤแบทt 10ฤรดi giao 2 ฤรดi,1 lแบงn ko muแปn ฤแปi trแบฃ ko cรณ lแบงn sau,mong shop soแบกn hรng uy tรญn ฤแป ng mua cรฒn quay lแบกi"
1,"mแปi sแปญ dแปฅng lแบงn ฤแบงu, mรฌnh thแบฅy sแบฃn phแบฉm tแบกm แปn, รขm thanh vแปซa phแบฃi trong phรฒng, k to lแบฏm nhฦฐng nghe ฤc, vs giรก hฦกn 150 k thรฌ k ฤรฒi hแปi dc nhiแปu hฦกn, tแบกm ok."
1,Sแบฃn phแบฉm ฤแบนp รขm thanh nghe รชm tai led ฤแปง nhรฌn nรณi chung vs giรก nhฦฐ thแบฟ lร quรก oke cho 1 sแบฃn phแบฉm rแบฅt ฤรกg tiแปn nha
1,Hรng ฤแบนp giรy rแบทn khรก ฦฐng รฝ sแบฝ แปงng hแป shop vรo nhแปฏng lแบงn tiแบฟp theo
1,Nhแป hฦกn mรฌnh nghฤฉ. Mรu ฤแบนp รm thanh ra k bแป rรจ
1,Nhแป nhแป xinh xinh hแปฃp vแปi giรก tiแปn nรจ nhแบญn hรng nhanh nha vแปi lแบกi nhแบญn hรng mแบทt kรญnh hฦกi bแป trแบงy xฦฐแปt xรญu cรฒn cรกch sd ch bรญt๐ข
1,"Sแบฃn phแบฉm tแปt, giรก cแบฃ ok, rแบฅt ฤรกng trแบฃi nghiแปm, ฤแบฉy ฤแปง tรญnh nฤng, ฤa nhiแปm"
1,Khรก แปn loa nghe hay tแบกm ฤฦฐแปฃc nรณi chung ok trong tแบงm giรก. Nแบฟu rแบป hฦกn chรบt thรฌ ok hฦกn
1,Sแบฃn phแบฉm chแบฅt lฦฐแปฃng. รm thanh nghe trong phรฒng แปn. Cรณ tรญnh trang trรญ vร dรนng kแป ฤiแปn thoแบกi oke
1,"loa ฤแบนp, ko 1 vแบฟt xฦฐแปc, dรนng decor phรฒng thรฌ ฤแบนp, ko khuyแบฟn khรญch nghe nhแบกc dance ฤแปงng cรกc thแปฉ, แบฃnh iแบฟc mแปฅc ฤรญch nhแบญn thรชm xu ๐ chแบฅt lฦฐแปฃng 3.5/5 thรดi nhฦฐng cho 5 sao, ฤรณng gรณi gแปn gรng, dแปch vแปฅ tแปt"
1,"Hรng ฤรณng gรณi cแบฉn thแบญn, giao nhanh hฦกn cแบฃ cรกi tai nghe mรฌnh ฤแบทt แป shop khรกc ๐ test thแปญ รขm thanh cรฒn tฦฐแปng khรดng to, mร to khรดng tฦฐแปng. Nรชn mua nhรฉ"
1,Chแบฅt lฦฐแปฃng รขm thanh แปn. Dรนng ฤแป nghe trong phรฒng thรฌ ฤฦฐแปฃc. Chแบฟ ฤแป bรกo thแปฉc vร dรนng lรm kแป ฤiแปn thoแบกi cลฉng rแบฅt oke
1,"Sแบฃn phแบฉm rแบฅt tuyแปt. Tiแปn lแปฃi, dรนng ฤฦฐแปฃc cแบฃ thแบป nhแป. ฤรi FM ฤแบงy ฤแปง ๐๐๐. Nchung rแบฅt ฤรกng tiแปn"
1,Mรu xinh lแบฏm Loa nghe rแบฅt thรญch luรดn Mแปi tแปi giแบฅy hฦฐแปng dแบซn tiแบฟng trung chแบฃ hiแปu gรฌ:( Nhฦฐng mร ฤc cรกi xinh xแบปo lแบฏm mแปi ngฦฐแปi nรชn mua nhaaa๐๐
1,"Hรฌnh แบฃnh mang tรญnh chแบฅt minh hแปa , xรi tแปt nรชn mua , loa lแปn lam แบก"
1,๐คฃ ฤรณng gรณi cลฉng khรก cแบฉn thแบญn. Hiแปn tแบกi chฦฐa biแบฟt cรกch dรนng
1,"Giao hรng nhanh แบก, sแบฃn phแบฉm tแปt cรณ ฤiแปu hฦกi trแบงy xฦฐแปc แป phแบงn mแบทt ฤแปng hแป, cรฒn lแบกi thรฌ rแบฅt ok แบก, cรกm ฦกn shop แบก"
1,"Hรng bแป xฦฐแปc mรn hรฌnh, giao hรng hฦกi lรขu. Nhฦฐng biแบฟt sao ฤฦฐแปฃc Xรi ok lร dc"
1,Sแบฃn phแบฉm tแปt giao ฤรบg hรng Nรชn mua nhรฉ mแปi ngฦฐแปi Chแบฅt lฦฐแปฃng แปn .
1,Hรng ฤแบนp lแบฏm cรกi ฤแปng hแป nรy ฤa chแปฉc nฤng voiws bla bla nghe nhแบกc hay lแบฏm
1,Chแบฅt khรก lร xแปn sรฒ cรณ thแบฏc mแบฏc gรฌ thรฌ cแปฉ nhแบฏn vแปi shop lร ฤฦฐแปฃc hรng giao khong bแป hฦฐ gรฌ cแบฃ chแบฅt lฦฐแปฃng sแบฃn phแบฉm tuyแปt vแปi ฤรณng gรณi kแปน cรng ฤแป ko bแป hฦฐ rแบฅt ฤรกng ฤแป mua shop phแปฅc vแปฅ รขn cแบงn
1,Cลฉng OK phแบฟt mแปi ngฦฐแปi แบก thรญch nhแบฅt lร ฤแปng hแป vแปซa ฤแบนp vแปซa tiแปn loa cลฉng khรก to. ฤแป bรn quรก hแปฃp lรฝ
1,"Hรng ฤรณng gรณi rแบฅt ฤแบนp. Quแบฃ nhiรชn ngฦฐแปi bรกn ฤรฃ gแปญi gแบฏm rแบฅt nhiแปu tรขm tฦฐ vร tรฌnh cแบฃm trong lรบc gรณi hรng. Hแปp khรดng cรณ dแบฅu hiแปu bแป mรณp, chแปฉng tแป bแป phแบญn vแบญn chuyแปn ฤรฃ nรขng nhฦฐ nรขng trแปฉng, hแปฉng nhฦฐ hแปฉng hoa. Xin nghiรชng mรฌnh cแบฃm ฦกn vรฌ tแบฅt cแบฃ."
1,"Giao hรng nhanh, gรณi hรng tแบกm dc, loa cลฉng oke nhฦฐng toรn tiแบฟng Trung chฦฐa bt chแปnh ntn ๐. Nรณi chung vแปซa giรก tiแปn"
1,Sฤn phแบฉm rแบฅt ok. Nghe ko bแป rรจ รขm thanh khรก to. Giรก cแบฃ hแปฃp lรฝ
1,"ฤรณng gรณi cแบฉn thแบญn, thแปi gian giao hรng cลฉng แปn, hรng dรนng rแปt, loa nghe khรก rรต ko ฤฦฐแปฃc lแปn lแบฏm, tแบกm chแบฅp nhแบญn"
1,Hรฌnh แบฃnh chแป mang tรญnh chแบฅt nhแบญn xu thแบฟ mแปi thแบฅy cรกi nรo tแปt thรฌ dรนng
1,Sแบฃn phแบฉm ฤแบนp chแบฅt lฦฐแปฃng giao nhanh dรนng vแป lรขu chฦฐa bt thแบฟ nรo hรฌnh แบฃnh vร video mang tc nhแบญn xu
1,"Loa kแบฟt nแปi ฤc Bluetooth nhรฉ mng, sแบกc hฦกi lรขu, nhรฌn cลฉng kh phแบฃi lร quรก chแบฏc chแบฏn, so vแปi giรก tiแปn thรฌ แปn nhe, dรนng แปn vร nghe cลฉng แปn, kh bแป rรจ nchung lร tแปng quรกt thรฌ ฤฦฐแปฃc nha kh quรก nแปi bแบญt vรฌ mรฌnh cลฉng mua ฤแบกi chแปฉ kh chแปn gรฌ cแบฃ hjhj ร quรชn mรu xinh nhe, phรน hแปฃp"
1,"Giao hรng nhanh, shipper dth, hรng tแปt lแบฏm luรดn nhฦฐng mร bแบฃng hฦฐแปng dแบซn toรn tiแบฟng anh nรชn hฦกi khรณ khฤn lรบc ฤแบงu nhฦฐng mรฒ xรญu thรฌ lรm ฤฦฐแปฃc, รขm thanh nghe chuแบฉn, hay vร khรดng bแป vang hay rรจ. 1 sแบฃn phแบฉm tแปt nรชn mua nha ๐๐๐. Hรฌnh แบฃnh chแป ฤแป nhแบญn xu."
1,"Giao hรng nhanh ฤรณng gรณi sแบฃn phแบฉm cแบฉn thแบญn Vแปซa cรณ giแป, cรณ bรกo thแปฉc lแบกi hiแปn thแป nhiแปt ฤแป nแปฏa nรชn tiแปn lแบฏm ฤiแปm trแปซ duy nhแบฅt lร tiแบฟng hฦกi nhแป"
1,loa cลฉng ok nghe thรฌ cลฉng รชm thรดi thรญch lแบฏm chแบฅt lฦฐแปฃng sแบฃn phแบฉm tuyแปt vแปi
1,"Giao hรng nhanh, loa รชm tai, vแปซa tรบi tiแปn, lรชn nguyรชn set nhรฌn rแบฅt ฦฐng!!!!"
1,Hรng ฤแบนp chแบฅt lฦฐแปฃng lแบฏm แบก Loa to kh bแป rรจ Cรณ giแป nhiแปt ฤแป bรกo thแปฉc giรก ฤแปก ฤiแปn thoแบกi
1,Hรng ฤแบนp nha khรดng bin sฦฐแปc mแบทt ฤรขu แบก nghe รขm thanh khรก แปn luรดn nรณi chรบng lร tiแปn nรo cแปงa แบฅy khรดng hแป thaรกt vแปng แบก
1,Sแปญ dแปฅng thแบฅy dรนng khรก lร แปn รกp cรฒn vแป sau thรฌ khรดng biแบฟt nhฦฐ nรo ๐คท
1,"Hรฌnh แบฃnh chแป mang tรญnh chแบฅt minh hoแบก, loa chแป dรนng ฤแป nghe trong phรฒng kh nghe แป ngoรi ฤc"
1,"Sแบฃn phแบฉm ฤแบนp gแปn loa nghe ngon pin khoแบฃng 3,7v 1200 mah sรi khรก lรขu trong tแบงm giรก, mรฌnh mua vแป ฤแป tแบทng quร sinh nhแบญt cho em mรฌnh รขm thanh thรฌ ฤแบงm gฦฐฦกng khรดng bแป xฦฐแปc do vแบญn chuyแปn"
1,"Loa ฤแปng hแป rแบฅt ฤแบนp, giao hรng nhanh. Gรณi sแบฃn phแบฉm kแปน....loa nghe to...๐๐๐"
1,"shop ฤรณng gรณi cแบฉn thแบญn mแบทc dรน giao hรng hฦกi lรขu 1 chรบt ,ฤแปng hแป cแบงm ko chแบฏc tay lแบฏm nhฦฐng hฦกi bแป xแปn xรฒ nhรฌn sang lแบฏm, loa nghe nhแบกc khรก mฦฐแปฃt ko bแป rรจ gรฌ hแบฟt, nhฦฐng mร cฦก cแบฅu hฦกi khรณ xรi chรบt mแบทc dรน cรณ hฦฐแปng dแบซn sแปญ dแปฅng nhฦฐng bแบฑng t.anh mk phแบฃi mรฒ 1 hแปi lรขu ms bk cฦก chแบฟ hoแบกt ฤแปng cแปงa nรณ rแบฅt ฤรกng mua"
1,Chแบฅt lฦฐแปฃng sแบฃn phแบฉm tuyแปt vแปi giao hรng nhanh ฤรณng gรณi cแบฉn thแบญn
1,"Sแบฃn phแบฉm tแปt, ฤรณng gรณi cแบฉn thแบญn, giao hรnh nhanh."
1,"Giao hรng nhanh gแปn, hรฌnh thแปฉc gแปn gรng, ฤแป sรกng hแปฃp vแปi ban ฤรชm rแบฅt tiแปn lแปฃi. Cรฒn ban ngรy thรฌ ko rรต lแบฏm"
1,"Sแบฃn phแบฉm giแปng mรด tแบฃ , mรu ฤแบนp giao hรnh nhanh, chแป mแปi ฤiแปu loa nghe rแบฅt nhแป"
1,"Eo รดi, tuyแปt vแปi luรดn, sang xinh mแปn. Khรดng cรณ gรฌ ฤแป chรช luรดn. Chฦฐa biแบฟt xรi bแปn khรดng nhฦฐng thแบฅy ฦฐng mแบฏt lแบฏm rแปi. Nhiแปu chแปฉc nฤng lแบฏm nha, ฤรบng xแปn luรดn, ฤang sale mแปi ngฦฐแปi nรชn mua 1 cรกi nha. รm thanh nghe cลฉng แบฅm lแบฏm, khรดng lแปn quรก. ฤรกng mua nha โค๏ธ Tuyแปt ๐"
1,"Loa nghe รชm tai, รขm thanh chuแบฉn, dแป sแปญ dแปฅng, giao hรng nhanh, ฤรณng gรณi chแบฏc chแบฏn, cแบฉn thแบญn. Sแบฝ แปงng hแป shop tiแบฟp."
1,Sแบฃn phแบฉm tแปt.hแปฃp vs giรก tiแปn..nhรฌn cลฉng giแปng hรฌnh nge nhแบกc cลฉng OK lแบฏm ak.. cรณ ฤiแปu cรกi gฦฐฦกng HK cรณ sรกng bรณng nhฦฐ hรฌnh ฤรขu nha.. vแปซa ฤแปง nhรฌn thรดi ๐...........
1,Sp khรก ฤแบนp cฦก mร nรณ nhแป hฦกn mk tฦฐแปng รขm thanh nghe rแบฅt mฦฐแปฃt
1,"loa ฤแบนp lแบฏm nha mng ฦกi, giรก hแปฃp lรญ ๐ฅฐ nghe nhแบกc Bluetooth, ฤแปng hแป, bรกo thแปฉc, ฤo nhiแปt ฤแป phรฒng vร nghe cแบฃ radio ฤc. Kแบฟt nแปi Bluetooth rแบฅt nhanh, tฤng giแบฃm รขm lฦฐแปฃng vร chuyแปn bรi ok. Nรชn mua nha mng ๐ฅฐ๐ฅฐ"
1,"Loa khรก to vร rรต rรng, ko bแป rรจ quรก. Cรกch dรนng thรฌ mรy mรฒ 1 lรบc thรฌ ra. Mรu sแบฏc cute, loa hฦกi nแบทng tay, decor rแบฅt xinh. Shop cรณ hฦฐแปng dแบซn sแปญ dแปฅng khรก nhiแปt tรฌnh. Sแบฝ แปงng hแป lแบกi"
1,"Sแบฃn phแบฉm rแบฅt ฤแบนp nhฦฐng ko nghฤฉ nรณ nhแป ฤแบฟn vแบญy, ฤรณng gรณi chแบฏc chแบฏn"
1,"Sแบฃn phแบฉm tuyแปt vแปi, chแบฅt lฦฐแปฃng hoรn hแบฃo, loa nghe รขm thanh rแบฅt tแปt"
1,Chแบฅt lฦฐแปฃng sแบฃn phแบฉm tuyแปt vแปi lแบงn sau sแบฝ cรฒn quay lแบกi mua hรng tiแบฟp!
1,"ฤรณng gรณi cแบฉn thแบญn ,ฤแบนp lรบc ฤแบงu chฦฐa biแบฟt chแปnh giแป nhฦฐng sau thรฌ lรm ฤc๐ฅฐ"
1,Hรng ฤแบนp chแบฅt lฦฐแปฃng nรชn mua nha. Giao hรng nhanh shipper thรขn thiแปn. Rแบฅt ฤรกng ฤรดng tiแปn rแบป sรi rแบฅt ok
1,ฤรณng gรณi kฤฉ sแบฃn phแบฉm tuyแปt ๐
1,"Hรng ฤแบนp,nhแป nhแบฏn,xinh xแบฏn Shop tฦฐ vแบฅn nhiแปt tรฌnh โค Giao hรng khรก nhanhโค"
1,"Hรng ฤรณng gรณi gแปn gรng, sแบกch sแบฝ, loa nghe แปn cรณ ฤแปng hแป thรชm rแบฅt tiแปn lแปฃi, nรณi chรนng phรน hแปฃp giรก tiแปn"
1,ฤแปng hแป khรก nhแป ฤแบทt cho bแบกn nรชn k biแบฟt chแบฅt lฦฐแปฃng thแบฟ nรo
0,Khรดng nรชn mua nhรฉ. Chแป dรนng coi giรฒ. Cรกc chแปฉc nฤng khรกc k chแปnh ฤฦฐแปฃc. Mรฌnh mua nhฦฐng sau 1 tuแบงn mแปi dรนng thรฌ giแป k nhแบฏn shop k trแบฃ lแปi.
0,Vแป xong khรดng tแบฏt ฤc nguแปn Khรดng kแบฟt nแปi ฤฦฐแปฃc bluetooth Phรญ tiแปn
0,Hรng nhรกi k kแบฟt nแปi ฤฦฐแปฃc
0,kรญnh trแบงy khรก nhiแปu vร nhรฌn khรก cลฉ. nhฦฐ hรng ฤรฃ qua sแปญ dแปฅng
0,Dรนng chฦฐa ฤแบฟn 1 thรกng ฤรฃ bแป lแปi Ko kแบฟt nแปi ฤฦฐแปฃc Bluetooth Chแป dรนng ฤc nรบt bแบญt sรกng Cรกc nรบt khรกc ko thแป dรนng ฤฦฐแปฃc
0,"Giao cho ฤแป bin xฦฐแปc hแบฟt cแบฃ mแบทt led, sแป thรฌ รด ฤแบงu tiรชn bแป mแบฅt gแบกch แป giแปฏa, giแปng kiแปu giao hรng lแปi cho khรกch vแบญy รก. Mong shop giแบฃi quyแบฟt cho แบก."
0,"Sau 1 tuแบงn sแปญ dแปฅng thรฌ lแปi be bรฉt luรดn,blt khรดng thแบฅy,nhiแปt ฤแป sai,ฤแปng hแป chแบญp chแปn,pin sแบกc cแบฃ ngรy mแปi ฤแบงy,quan trแปng nhแบฅt lร thรกi ฤแป ngฦฐแปi bรกn quรก kรฉm,nhแบฏn tin bแบฃo giแบฃi quyแบฟt nhฦฐ nรo thรฌ แบญm แป khรดng phแบฃn hแปi,khuyรชn thแบญt mn ฤแปซng mua phรญ tiแปn,mua bแปฑc vรo thรขn"
0,"Chแบฅt lฦฐฦกng loa รขm thanh quรก kรฉm , rรจ Nghe cรฒn nhแป hฦกn ฤiแปn thoแบกi Khรดng xแปฉng ฤรกng ฤแป mua . Nhรขn viรชn tฦฐ vแบฅn bรกn hรng vแปi khรกch rแบฅt mแบฅt lแปch sแปฑ ๐๐๐ Tรดi ฤรฃ mua hรng shoppe rแบฅt nhiแปu lแบงn , Nhฦฐng lแบงn nรy mua thรฌ lแบกi rแบฅt bแปฑc mรฌnh vแปi thรกi ฤแป cแปงa nhรขn viรชn bรกn hรng ๐ Cแบฃnh bรกo khรดng nรชn mua ๐ก"
0,Loa khรก แปn nhฦฐng sแบกc ko phแบฃi cแปงa nรณ giแป hแบฟt pin thรฌ ko sแบกc ฤc
0,Do dแปch nรชn nay mk mแปi lแบฅy hรng vร test loa ฤฦฐแปฃc. Loa bแป dรจ vร nghe rแบฅt khรณ chแปu. Mรฌnh ฤรฃ chแปง ฤแปng ib shop nhฦฐng mร shop chแป rep ฤรบng 1 icon xong khรดng giแบฃi quyแบฟt cho mรฌnh. Gแบงn 200k mร nhแบญn cรกi loa nhฦฐ nรy phรญ tiแปn. Cรฒn vแบซn chuyแปn thรฌ rแบฅt nhanh nhรฉ ฤแบทt 15/03 mร hรดm sau ฤรฃ cรณ r.
0,Mแบทt trฦฐแปc xฦฐแปc giแปng hรng cลฉ๐
0,Vแปซa nhแบญn hรng ฤรฃ kแบนt 2 nรบt แบฅn
0,Sแบฃn phแบฉm ko thแป chแปnh giแป hแปi shop thรฌ shop ko rep ฤรฃ lm theo hฦฐแปng dแบซn nhฦฐng ko ฤc chแปt lแบกi lร ko nรชn mua
0,"Loa quรก bรฉ, nghe ฤฦฐแปฃc 1 bรชn loa, dรนng ฤฦฐแปฃc 2 ngรy thรฌ khรดng lรชn."
0,Chรกn quรก nhแบญn hรng mร thแบฅt vแปng quรก tแปn tiแปn quรก ฤi khuyรชn thแบญt khรดng nรชn mua loa nรy
0,"Edit lแบกi vรฌ cรกi kiแปu trแบฃ lแปi lฦฐฦกn lแบนo cแปงa shop. Lฦฐฦกn รญt thรดi nhรฉ, lo bรกn hรng cho tแปญ tแบฟ chแปฉ bแปt cรกi kiแปu bรกn ฤแป ฤแปu rแปi ฤn 1 sao lแบกi ฤแป thแปซa cho ฤแปi thแปง cแบกnh tranh"
0,"Loa vแปซa khui hแปp ra thรฌ kแบฟt nแปi Bluetooth k ฤc, chแปnh giแป cลฉng k ฤc, nรณi chung lร bแป mแบฅt tiแปn oan แบก"
0,Hรng mua vแป k hoแบกt ฤแปng ฤฦฐแปฃc...bแบญt lรชn xong k tแบฏt ฤฦฐแปฃc. K ฤฦฐแปฃc ฤแบทt bรกo thแปฉc nแปญa ฤรชm 3h sรกng kรชu bรกo thแปฉc lรm mแบฅt cแบฃ giแบฅc ngแปง. Vแปi rรต rรng loa ฤang แป chแบฟ ฤแป kแบฟt nแปi Bluetoot nhฦฐng lแบกi k kแบฟt nแปi ฤฦฐแปฃc แบฅn nรบt cx k thแบฅy hoแบกt ฤแปng gรฌ. Mk cรณ gแปi ฤiแปn cho shop tแบญn 2 cuแปc shop k nghe. Tรณm lแบกi k nรชn mua.
0,Mua 2 lแบงn cแปงa shop ฤแปu bแป lแปi 2 loa k dรนng ฤc
0,Hรng nhแบญn vแป bแบญt thรฌ khรดng lรชn cรฒn kรญnh thรฌ bแป vแปก nแปฏa kh hiแปu sao ฤรกnh giรก tแปt ฤฦฐแปฃc ๐ก
0,"รm thanh rรจ rรจ ko hay gรฌ hแบฟt, ฤแป 2 loa nhฦฐng chแป nghe ฤฦฐแปฃc 1 loa! Sp nรy tรดi ฤรกnh giรก 1 sao!"
0,"chแบฅt lฦฐแปฃng sแบฃn phแบฉm cแปฑc kรฌ kรฉm. Shop cลฉng khรดng giแบฃi thรญch hay giแบฃi quyแบฟt thแบฏc mแบฏc cแปงa khรกch, chแป trแบฃ lแปi โvรขng แบกโ cho xong. Cรกi mรu hแปng lร cรกi mรฌnh mua bรชn shop mรn hรฌnh hiแปn thแป bแบญt max รกnh sรกng rแปi vแบซn mแป k nhรฌn thแบฅy gรฌ, cรกi ฤแป lร cรกi cลฉ cแปงa mรฌnh. Loa cลฉng bรฉ, giรก thรฌ ฤแบทt hฦกn cรกi cลฉ cแปงa mรฌnh."
0,ฤแบทt mรu ฤen mร shop giao vแป mรu hแปng. Shop nรณi hแบฟt mรu ฤen vร trแบฏng trong khi lรบc ฤแบทt ฤen vร trแบฏng hiแปn mแบฅy nghรฌn cรกi. Khรดng uy tรญn.
0,Loa gรฌ khรดng kแบฟt nแปi ฤฦฐแปฃc khรดng hiแปn tรชn lรชn sao mร kแบฟt nแปi ฤฦฐแปฃc . Sแบฃn phแบฉm quรก sรm 1 sao
0,quรก tแป. Ko ฤรบng mรด tแบฃ. Loa nhแป xรญu ko nghe dc gรฌ hแบฟt. Quรก thแบฅt vแปng. Chแปซa luรดn
0,Nghe ฤฦฐแปฃc vรi lแบงn xong ko kแบฟt nแปi ฤฦฐแปฃc laptop nแปฏa. Mรฌnh tฦฐแปng ฤรขu do mรกy tรญnh hฦฐ. Dรจ ฤรขu hรดm sau nhแป ฤiแปn thoแบกi cแปงa nhแปฏng ngฦฐแปi khรกc ฤแปu ko kแบฟt nแปi ฤฦฐแปฃc nแปฏa. Nรบt on/off vร mode cลฉng ko ฤiแปu khiแปn ฤฦฐแปฃc nแปฏa. Quรก tแป ๐ก๐ก๐ก
0,"Hรng bแป hแปng, nhแบฏn tin thรฌ shop khรดng thรจm trแบฃ lแปi. Hรng kรฉm chแบฅt lฦฐแปฃng, ฤรฃ bรกn hรng, lแบฅy tiแปn cแปงa khรกch thรฌ bรกn khรดng cแบงn chแบฅt lฦฐแปฃng cao nhฦฐng รญt ra cลฉng phแบฃi sแปญ dแปฅng ฤฦฐแปฃc. ฤรขy loa khรดng thแป dรนng nแปi, nhแบฏn tin cรฒn khรดng thรจm trแบฃ lแปi. Shop nรชn nghฤฉ bรกn ฤi"
0,Giao sai mรu so vแปi quแบฃng cรกo. Dรกn chแปฏ clock speaker ฤแป lแปซa khรกch hรng ร ๐๐.
0,Bรกn loa hแปng khรดng dรนng ฤฦฐแปฃc. Trแบฃ lแปi tin nhแบฏn kiแปu mแบน thiรชn hแบก. Lแปก dแบกi 1 lแบงn duy nhแบฅt
0,Loa ko nghe ฤc. Bแบญt ko lรชn. Nt shop ko rep. Vรฌ tin tฦฐแปng nรชn thanh toรกn trc. Shop lรm ฤn vแป vแบฅn
0,Mรn hรฌnh mแป tแปt. รm lฦฐแปฃng loa hฦกi bรฉ. Nรณi chung hฦกi thแบฅt vแปng vแป sแบฃn phแบฉm
0,"Mua 3 cรกi mร 1 cรกi bแป lแปi hแป led nรชn buแปi tแปi nhรฌn rแบฅt khรณ .yรชu cแบงu shop ฤแปi trแบฃ thรฌ shop ko thรจm rep kiแปu nhฦฐ sแป lฦฐแปฃng ฤฦกn hรng cao nรชn ฤแบฟc thรจm quan tรขm khรกch, rep ฤฦฐแปฃc mแบฅy cรขu lแบกi thรดi hแบนn trแบฃ hรng thรฌ khi ngta giao thรฌ khรดng nhแบญn ??? Nhแบฏn tin thรฌ ฤแบฟc rep vแปซa tแปn tiแปn ship vแปซa mแบฅt tg"
0,ฤแบทt mรu trแบฏng thรฌ ship cho mรu hแปng. Loa nghe ฤc to cรณ 2ngรy. Giแป nghe bรฉ xรญu khรดng bแบฑng loa ฤiแปn thoแบกi. Vแบญy mร nhแบฏn tin cho shop rแบฅt nhiแปu lแบงn mร khรดng trแบฃ lแปi. Rแบฅt rแบฅt thแบฅt vแปng vแป cรกch chฤm sรณc khรกch hรng. Mแปi ngฦฐแปi mua nรชn cรขn nhแบฏc
0,"Shop khรดng uy tรญn vร chฤm sรณc khรกch hรng khรดng tแปt. Nhแบฏn tin nรณi nhแบญn hรng vแป kiแปm tra lแบกi nhฦฐng sau ฤรณ ko nhแบญn, รฉp khรกch phแบฃi nhแบญn hรng."
0,cรกi thรกi ฤแป bรกn hรng cแปงa shop cแปฑc kรฌ cแปฑc kรฌ xแบฅu luรดn แบก๐ Chฦฐa nรณi tแปi chแบฅt lฦฐแปฃng sp k nhฦฐ review. Cรกc bแบกn nรชn cรขn nhแบฏc trฦฐแปc khi mua nhรฉ
0,"Chแบฅt lฦฐแปฃng kรฉm, giao hรng cแปฑc kรฌ lรขu vร thรกi ฤแป. ฤแบทt hรng tแปซ 1/6 tแปi 13/6 mแปi nhแบญn ฤฦฐแปฃc hรng. 8/6 khi chฦฐa nhแบญn ฤฦฐแปฃc hรng nhฦฐng trรชn app vแบซn bรกo lร ฤรฃ nhแบญn."
0,"Mua vแป thรฌ bแป hแปng. Nhแบฏn cho shop thรฌ k rep, mua hฦกn 170k rแปi vแป vแปฉt ฤi vแบญy ฤรณ. Lรm ฤn kiแปu nรy cรณ ngรy bแป sแบญp quรกn ฤn"
0,ฤแปng hแป khรดng chแบกy ฤฦฐแปฃc nhแบฏn tin shop khรดng trแบฃ lแปi ๐
0,"Sแบฃn phแบฉm vแปซa mua vแป ko lรชn nguแปn. Sแบกc rแปi, giแปฏ nรบt on ko lรชn nguแปn"
0,"Shop lรm ฤn rแบฅt thiแบฟu chuyรชn nghiแปp, trแบฃ lแปi tin nhแบฏn nhฦฐ khรดng"
0,"ฤรฃ nhแบญn ฤc hรng shop tฦฐ vแบฅn nhiแปt tรฌnh trฦฐแปc khi mua nhฦฐng mร dรนng thรฌ ฤฦฐแปฃc 2 ngรy sแบกc pin hแปng k sแบกc ฤฦฐแปฃc nแปฏa mรกy cแปฉ bรกo pin k ฤแปง mแปi bแบกn sแบกc pin, mร sแบกc thรฌ lรn ฤแบงu cแบฏm nรณ lรชn bรกo hiแปu sแบกc ฤรจn ฤแป sau 1 lรบc nรณ tแบฏt rแปi sau ฤรณ k lรชn nแปฏa, loa mแป kแปch cแปก n bรฉ hฦกn loa ฤiแปn thoแบกi."
0,Hรng mua chฦฐa ฤc 1 thรกng lแปi. Liรชn hแป bแบฃo hรnh thรฌ shop lรm lฦก mแบทc dรน ฤรฃ ฤแปc tin. Sแบฃn phแบฉm kรฉm. Chแบฅt lฦฐแปฃng dแปch vแปฅ tแปi.
0,"Loa nghe แปn,Blutooth bแบฏt khรก nhแบกy,cรณ ฤiแปu mรฌnh nhแบญn ฤฦฐแปฃc hรng thรฌ bแป lแปi ฤรจn nรชn รด ฤแบงu tiรชn khรดng bao giแป hiแปn thแป ฤแปง,cรณ thแปฤรจn bรชn trong bแป hแปng,trรดng khรก khรณ chแปu"
0,Shop bรกn hรng k cรณ tรขm Blutooth k kแบฟt nแปi ฤc Cแบฏm thแบป nhแป k nghe ฤc K dรนng ฤc cรกi nรบt nรo Mua ฤแป ฤi vแปฉt thรนng rรกc thรฌ ok
1,"ฤรณng gรณi chแบฏc chแบฏn, mรกy mแปi 100โ giao hรng nhanh"
1,"Khรก Hรi Lรฒng, ฤรฃ test thแปญ hy vแปng sแบฃn phแบฉm sแบฝ แปn ฤแปnh vร sแปญ dแปฅng ฤฦฐแปฃc lรขu dรi. Bรชn Mรฌnh lรm vแป mแบฃng gia dแปฅng cรกc AC ghรฉ qua Shop Mรฌnh thฤm quan mua sแบฏm nhรฉ ๐๐๐"
1,"ฤรณng gรณi cแบฉn thแบญn chแบฏc chแบฏn, hรng chuแบฉn, tรi liแปu hฦฐแปng dแบซn ฤแปง, rแบฅt ฤรกng tiแปn"
1,"Shop phแปฅc vแปฅ rแบฅt rแบฅt tแปt luรดn, ship nhanh lแบฏm. Nรชn mua nha mn, mรกy dรนng rแบฅt dแป, in nรฉt lแบฏm, giแบฅy in cลฉng chแบฅt lฦฐแปฃng nแปฏa ๐ฅฐ๐ฅฐ๐ฅฐ๐ฅฐ"
1,Ok dแป sแปญ dแปฅng Quรชn mแบฅt ko mua thรชm cรกi kแป ฤแป giแบฅy ฤแบถt xong vแปi nhแป ra
1,Ship thรขn thiแปn Giao hรng nhanh Shop phแปฅc vแปฅ nhiแปt tรฌnh Lรชn mua nha mn
1,"Xแปn sรฒ nha ace, lรบc ฤแบงu cแปฉ sแปฃ vแป ko biแบฟt setup nhฦฐng shop hฦฐแปng dแบซn rแบฅt ฤแบงy ฤแปง, chi tiแบฟt vร cแบฉn thแบญn luรดnnnn. Setup 5 phรบt lร xong, siรชu nhanh siรชu dแป dรนng. ฤรณng gรณi 2 lแปp carton khรก cแบฉn thแบญn. Rแบฅt ฤรกng tiแปn nhรฉ ace. Nhร Hin mua chuแบฉn bแป cho 10.10 ฤรณ. Hihi ๐๐ ร thรชm khoแบฃn giao hรng siรชu nhanh nha"
1,"ฤแบทt hรng ฤรบng ฤแปฃt giรฃn cรกch nรชn chแป hฦกi lรขu, tuy nhiรชn nhแบญn hรng ฤc thรฌ khรก hรi lรฒng tแปซ khรขu ฤรณng gรณi cแบฉn thแบญn ฤแบฟn mรกy rแบฅt ok. Chแบฅt lฦฐแปฃng in, sแปฑ phแปฅc vแปฅ cแปงa shop rแบฅt tแปt. 5 sao"
1,"Giao nhanh lแบฏm แบก! Mรฌnh ฤแบทt lรบc 13h 30, 15h ฤรฃ nhแบญn ฤฦฐแปฃc hรng, kแปp ฤรณng ฤฦกn 12-12, rแบฅt cแบฃm ฦกn sแปฑ nhiแปt tรฌnh vร chu ฤรกo cแปงa shop!"
1,Hรฌnh แบฃnh minh hแปa ฤแป nhแบญn xu thแปi แบก nรณi chung mรกy tuyแปt vแปi ko nรณng in chแปฏ ฤแบกm
1,"Sแบฃn phแบฉm ok แบก. Mรกy in xinh, nhแป nhแบฏn, mแปฑc in ฤแบญm. Nรณi chung khรก hรi lรฒng, shop tฦฐ vแบฅn nhiแปt tรฌnh. Mร cรฒn tแบทng giแบฅy kรจm theo ฤแป test แบก. Mร shop cลฉng cรณ kรจm link hฦฐแปng dแบซn ฤแบฅy แบก. Mua ngรy sale giรก rแบป khรก hรi lรฒng."
1,"Giao hรng nhanh, ฤรณng gรณi cแบฉn thแบญn, sแบฝ แปงng hแป shop แบก hihi, sแบฃn phแบฉm ok lแบฏm แบก"
1,"Sแบฃn phแบฉm rแบฅt okay ฤแบฅy แบก, ship hรng nhanh, shop chฤm sรณc khรกch hรng tแปt nha. Thฦฐแปng 5 ๐ cho shop"
1,"Chฤm sรณc khรกch hรng tuyแปt, mรกy in khรก ok แบก, giao hรng nhanh , ฤรณng gรณi gแปn gรng vร khรก chแปn chu. Hiuhiu cho shop 5 sao"
1,"Sแบฃn phแบฉm chแบฅt lฦฐแปฃng tแปt ngoรi mong ฤแปฃi, mรกy in ฤฦกn nhanh, in rแบฅt tiแปn, sแบฃn phแบฉm thรฌ giแปng vแปi mรด tแบฃ, tiแบฟt kiแปm thแปi gian cho ngฦฐแปi bรกn hรng, mรกy ฤฦฐแปฃc ฤรณng hรณi cแบฉn thแบญn, giao hรng nhanh"
1,In ฤแบนp Cแปฑc tiแปn Cรกc shop nรชn sแบฏm nha ฤรณng gรณi kฤฉ Cรณ hdsd dแป hiแปu Sฤn sale nรชn giรก tแปt แบก
1,Chรบc bแบกn ฤแบกt hiแปu quแบฃ khi sแปญ dแปฅng sแบฃn phแบฉm๐ฅฐ
1,"Hรng ฤรบng nhฦฐ mรด tแบฃ, ฤรณng gรณi kฤฉ, chฦฐa sแปญ dแปฅng nhฦฐng ฤรกnh giรก dแปch vแปฅ tแปt. Cรกm ฦกn Shop ฤรฃ nhiแปt tรฌnh !"
1,Mรกy dรนng ok nha mn shop nhiแปt tรฌnh mjh ng mแปi vแบซn sรi ok ak lแบฏp ฤแบทt nhanh nแปฏa nรณi chung lร ฤรกng mua nha thanks shop nhiแปu
1,Mรกy dรนng rแบฅt tแปt. Chฦฐa cรณ vแบฅn ฤแป giร xแบฃy ra. Cรณ bแบฃo hรnh vร giแบฅy hฦฐแปng dแบซn kรจm theo. Ok
1,"Shop giao hรng nhanh, sแบฃn phแบฉm ฤรบng nhฦฐ quแบฃng cรกo, dรนng chฦฐa cรณ vแบฅn ฤแป gรฌ"
1,Oki giao hรng nhanh tฦฐ vแบฅn nhiet tรฌnh Hรฌnh แบฃnh mang tรญnh chแบฅt nhแบญn xu Bรชn em chuyรชn thแปi trang nแปฏ chแป em cรณ thแป ghรฉ qua thฤm khแบฃo แบก
1,Mแปi sแปญ dแปฅng thแบฅy แปn . Nแบฟu tแปt sแบฝ แปงng hแป dรi dรi แบก
1,Sแบฃn phแบฉm แปn. Tฦฐ vแบฅn nhiแปt tรฌnh. Cho shop 5 sao! Shop mรฌnh chuyรชn hรng nแปi ฤแปa Trung giรก cแบฃ hแปฃp lรญ. Chแบฅt lฦฐแปฃng chuแบฉn nแปi ฤแปa ak. Cแบฃm ฦกn mn!!
1,"Mรกy in nรฉt, shop tv nhiแปt tรฌnh, khรดng biแบฟt cรi nรชn nhแป shop lรm cho luรดn. Mn nรชn mua nhรฉ vuแปi nฤm nghแป lรm mแปi mua mรกy sang nฤm tรฉt thแปญ"
1,"Giao hรng nhanh,ฤรบng mแบซu,in rแบฅt okk, mแบซu mรฃ ฤแบนp mแบฏt ,mรกy gแปn ,ฤรณng gรณi kฤฉ"
1,Hรng OK shop rแบฅt nhiแปt tรฌnh
1,Chแบฅt lฦฐแปฃng chแบฏc chแบฏn Hรฌnh thแปฉc gแปn nhแบน In แบฅn แปn Tiแปn lแปฃi vร tฦฐฦกng ฤแปi ฤแบนp
1,Giao hรng rแบฅt nhanh.ฤแบทt grap 1 tiแบฟng lร nhแบญn ฤc hรng.hแป trแปฃ rแบฅt nhiแปt tรฌnh mua 2 cรกi cแปงa shop rแปi
1,"Mรกy in dรนng tแปt, cรณ hฦฐแปng dแบซn cแปฅ thแป nรชn rแบฅt dแป cรi ฤแบทt. Shop ฤรณng gรณi chแบฏc chแบฏn, rแบฅt ok, tuy nhiรชn thรฌ mรฌnh khรดng in ฤฦฐแปฃc ฤฦกn ghtk theo mแบซu cแปงa shop nรณi ๐"
0,"Mรกy in thแปฑc sแปฑ rแบฅt kรฉm,ฤรฃ cแป dรนng 1tuแบงn xem hay do mรฌnh ko quen chฦฐa biแบฟt cรกch dรนng mร hรณa ra ko phแบฃi.Mรกy cแปฉ in 1ฤฦกn lแบกi phแบฃi tแบฏt ฤi bแบญt lแบกi,kแบนt giแบฅy tรนm lum.Bรชn shop cรณ hแป trแปฃ 2 lแบงn ultraview vแบซn ko ฤc.ฤฦกn in ra bรชn giao hรng bแบฃo nhรฒe ko cแบฃ check ฤฦฐแปฃc mรฃ ฤฦกn bแบฃo mรฌnh mua mรกy ฤแปi cลฉ ร quรก chรกn luรดn"
0,Nhแบญn hรng khรดng cรณ khay ฤแป giแบฅy thรฌ ฤแป giแบฅy vรo ฤรขu?
0,"Khรดng hแป trแปฃ khรกch sau khi nhแบญn hรng, nhแบฏn tin, gแปi ฤiแปn thoแบกi tแป lแบงn khรดng ai phแบฃn hแปi. Mรกy in khรดng ra chแปฏ. Dแปch vแปฅ quรก tแป 1 sao"
0,"Tฦฐ vแบฅn vl , ฤแบทt mua mรกy khรดng cรณ cรกi giรก treo giแบฅy, vแบญy treo kiแปu gรฌ. 1 cรกi kแป treo giแบฅy chแบณng ฤรกng bao nhiรชu nhฦฐng bรณc tรกch lแบป ra rแปi bรกo tแบกi anh k ฤแบทt. cแบฃm giรกc nhฦฐ lแปซa ฤแบฃo................................................."
0,"Anh mรฌnh dรนng trฦฐแปc cแปงa shoptida rแปi mรฌnh mแปi mua. Anh vแบซn in bth (mac Intel, mac m1 ฤแปu in bthg) nhฦฐng mรกy mรฌnh cลฉng m1 mร in k cรณ logo, in cแปงa vn post lแปi tรนm lum mร bรชn kแปน thuแบญt bรกo do mรกy mรฌnh. Mua mรกy ฤแป in ฤฦกn shopee mร k in dc logo trรดng xแบฅu thแบฟ kia cรณ dc k hแบฃ mn =)) khuyแบฟn cรกo mn.k nรชn mua"
0,Trc lรบc mua hแปฉa hแบนn mua xong cรณ ฤแปi ngลฉ hแป trแปฃ nแป kia. Trong khi ngta mua cแบงn gแบฅp ฤแป dรนng mร chแป tแบญn 2 ngรy vแบซn chฦฐa thแบฅy rep lแบกi. Thรกi ฤแป Quรก Tแป
0,Mรฌnh chฦฐa ฤฦฐแปฃc hoรn tiแปn giแบฅy in
0,Bรกn hรng cho xong ko tฦฐ vแบฅn khรกch hรng tแบญn tรฌnh. Khรดng cรณ lแบงn sau
0,Shop nรy bรกn mรกy nhฦฐng khรดng cรณ kแป ฤแป giแบฅy in. Trong sรกch hฦฐแปng dแบซn rรต rรng cรณ kแป ฤแป giแบฅy mร shop lแบกi ฤn bแปt hรng. Mรฌnh mua 2 cรกi แป shop khรกc ฤแปu cรณ kแป. Riรชng shop nรy khรดng cรณ. Mแปi ngฦฐแปi khรดng nรชn mua mรกy แป shop nรy.
0,Mรกy in nuแปt cแบฃ ฤฦกn ! Mแปi in ฤc chฦฐa tแปi 10 ฤฦกn ฤรฃ bแปnh
0,Bรกn hรng xong chแบทn luรดn. Cho 1 sao vแป phong cรกch bรกn hรng kiแปu nรy
0,"Mรกy lแปi in chแบญp chแปn ฤฦฐแปฃc 1-2 ฤฦกn lแบกi ngแบฏc, ko phแบฃi bแป kแบนt mร in ฤen giแบฅy luรดn tแปฑ ฤแปng cรกch trang giแบฅy ko in"
0,Mรกy bแป lแปi in code bแป ฤแปฉt ฤoแบกn khรดng chแปnh nแปi
0,"Mua cรกi mรกy in vแป vแปฉt ฤรณ, ฤiแปn thoแบกi kรชu tฦฐ vแบฅn thรฌ kรชu ฤแปฃi bรกn ฤc hรng qรก nรชn thรกi ฤแป phแปฅc vแปฅ vแบญy hay sao cลฉng k hiแปu, quรก trแปi chแป bรกn k hiแปu sao gแบทp trรบng chแป nรy lm ฤn thแบฅy chรกn. Cรณ bแบฃng hฦฐแปng dแบซn mร hฦฐแปng dแบซn kiแปu j ngta lm theo ko ฤฦฐแปฃc lรm ko ra ??? Chรกn"
0,"Thแบญt sแปฑ lร bแปฉc xรบc mรng in cแปงa mรกy 1 phแบงn thรฌ bแปฉc xรบc vแป CSKH cแปงa shop 10 phแบงn. Biแบฟt A Trร nรชn qua mua แปงng hแป,mร A training CSKH chuแบฉn tรu, ฤรบng lร chuแบฉn tรu thแบญt thua cแบฃ 1 shop nhแป lแบป. CSKH ko ฤฦฐแปฃc training kแปน nรณi nฤng 2 lแปi rแบฅt mแบฅt uy tรญn. Khuyรชn cรกc shop cรณ thแป แปงng hแป giแบฅy in chแปฉ ฤแปซng mua mรกy in"
0,"Gแปi, nhแบฏn tin zalo, fb ฤแป tฦฐ vแบฅn sแปญa lแปi in khรดng nghe mรกy, k rep. Nรฉt chแปฏ mแป, in k ฤแปu"
0,Bแป lแปi gแปi hotline k ai nghe
0,Mรกy in mแป. Chแบฅt lฦฐแปฃng kรฉm
0,dรนng ngon lแบฏm
0,Giao hรng quรก lรขu
1,Sแบฃn phแบฉm tแปt chแบฅt lฦฐแปฃng ฤรบng mรด tแบฃ sรi ngon sแบฝ mua thรชm. Chรบc Shop mua mai bรกn ฤแบฏc.
1,"Chฤm sรณc khรกch hรng tฦฐ vแบฅn rแบฅt nhiแปt tรฌnh, mรฌnh ฤรฃ nhแบญn mรกy 1 time vร chฦฐa thแบฅy cรณ lแปi gรฌ vแป phแบงn mแปm chแป lร cรณ cรกi phแบงn mk cx kb gแปi ฤแบฅy lร gรฌ ms ฤแบงu tฦฐแปng lร chแป ฤแป DVD nhฦฐng kphai mรฌnh dรญ nhแบน vรo thรฌ nรณ bแป thแปฅt vรo trong, mรกy nhแป gแปn, vแปi tแบงm giรก nรy thรฌ mn nรชn thแปญ ฤแป trแบฃi nghiแปm"
1,"Mรฌnh ฤรฃ tแปซng mua แป cแปญa hรng nรy mแปt lแบงn rแปi vร rแบฅt lร ฦฐng รฝ vแปi sแบฃn phแบฉm ฤรณ, dรนng 6 thรกng rแบฅt ok. ฤรขy lร lแบงn thแปฉ hai mรฌnh tin tฦฐแปng mua cรขy vแป cho gia ฤรฌnh mแปi ngฦฐแปi cรณ thแป tham khแบฃo ฤแปa chแป nรy nhรฉ."
1,"Giao hรng khรก nhanh, thรดng tin sแบฃn phแบฉm ฤรบng nhฦฐ mรด tแบฃ. Shop phแบฃn hแปi thรดng tin khรก nhanh. Hiแปn tแบกi sau 3 ngรy mรกy hoแบกt ฤแปng แปn ฤแปnh, tiแบฟc lร khรดng cรณ cแปng HDMI"
1,Chแบฅt lฦฐแปฃng cแปฑc tแปt! Shop phแปฅc vแปฅ siรชu tแบญn tรฌnh! Tแบฅt cแบฃ ฤแปu hoรn hแบฃo! Cแบฃm ฦกn shop rแบฅt nhiแปu แบก! Mแปi ngฦฐแปi yรชn tรขm mร mua แบก!
1,"ฤรขy lร lแบงn thแปฉ 3 mua hรng cแปงa shop vร lร lแบงn thแปฉ 2 mua case mรกy tรญnh,lแบงn nรy chฦฐa kแปp thแปญ nhฦฐng lแบงn trฦฐแปc dรนng khรก ngon lรnh nรชn lแบงn nรy lแบกi mua tiแบฟp"
1,"Case hoแบกt ฤแปng แปn ฤแปnh, mฦฐแปฃt mร, zin new 95%, hy vแปng sแบฝ khรดng dรนng ฤแบฟn bแบฃo hรnh, hรฌnh แบฃnh vร video mang tรญnh chแบฅt giแบฃi trรญ chรบt"
1,Sแบฃn phแบฉm vแปซa tรบi tiแปn lแบกi แปn ฤแปnh. Phรน hแปฃp cho nhแปฏng viแปc vฤn phรฒng.
1,"Shop ฤรณng hรng rแบฅt chแบฏc chแบฏn, giao hรng nhanh, mรกy ฤรบng cแบฅu hรฌnh, chแบกy rแบฅt nhanh mฦฐแปฃt mร. Shop phแปฅc vแปฅ tแปt, nhiแปt tรฌnh, cรณ hแป trแปฃ cรi win."
1,"Chuแบฉn CแบคU HรNH, chแบกy รชm"
1,"Mรกy ฤแบนp, chแบกy รชm,ssd chแบกy rแบฅt mฦฐแปฃt, ฤรณng gรณi cแบฉn thแบญn. Mua lรบc flash sale nรชn rแบป ฤฦฐแปฃc kha khรก. Rแบฅt ฤรกng tiแปn. Sแบฝ แปงng hแป thรชm."
1,"Shop nhiแปt tรฌnh, sแบฃn phแบฉm dรนng tแปt, ฤรณng gรณi แปn, cรณ thiแปn cแบฃm ร nhaโจ"
1,Mรกy chแบกy tแปt. Nhรฌn cรฒn mแปi hฦกn mong ฤแปฃi cแปงa mรฌnh nhiแปu. Shop hแป trแปฃ rแบฅt nhiแปt tรฌnh.
1,"Mua lแบงn 3, chแบฅt lฦฐแปฃng ok. Giรก khi flash sale thรฌ hแปฃp lรฝ, giรก lรบc chฦฐa sale thรฌ hฦกi chรกt chรบt, shop chแปu khรณ sale mแปi mแปi mua ฤc"
1,Giao nhanh. Like new 99%. Mรกy ฤรบng cแบฅu hรฌnh. Like ฤแบญm. Mรฃi yรชu.
1,"Giao hรng ฤรบng cแบฅu hรฌnh, chแบฅt lฦฐแปฃng ok, ฤแบงy ฤแปง แป ssd nectac chแบกy win 10 nhanh vl, tuy hรng cลฉ lรm lแบกi nhฦฐng vแบซn mแปi ฤแบนp ngon. แปฆng hแป shop lแบงn sau."
1,Giao hรng nhanh ฤรณng gรณi chuyรชn nghiแปp Nแบฟu cรณ 10 sao cลฉng sแบฝ like cho shop vรฌ ฤแป uy tรญn vร chuyรชn nghiแปp โค๏ธ Lแบงn sau cรณ mua cลฉng sแบฝ mua cแปงa shop tiแบฟp
1,"Mรกy khรก mแปi, cแบฅu hรฌnh giแปng mรด tแบฃ, chแบกy แปn Windows 10 cรi sแบตn cho hฦกi lแบฏm virus, cแบงn cรi lแบกi trฦฐแปc khi sแปญ dแปฅng. Ssd cแปงa hรฃng hฦกi lแบก"
1,"Sแบฃn phแบฉm cรฒn rแบฅt mแปi, shop ฤรณng gรณi kแปน cรng , hรng ฤรบng mรด tแบฃ, sp chแบกy mฦฐแปฃt"
1,Hรng ฤแบนp! Tem bแบฃo hรnh dรกn ฤแบงy ฤแปง! Chแบฅt lฦฐแปฃng ban ฤแบงu tแปt!
1,"Thรนng bแป mแปp 1 tรญ, nhฦฐng ฤรณng gรณi tแปt (2thรนng giแบฅy luรดn), nรชn ko sao. Vแป case nhรฌn bแบฑng mแบฏt thฦฐแปng thรฌ cรณ thแป nรณi lร ฤแบนp lung linh, ""like new"", mแปi 99,99%... Cรดng nhแบญn: vแป case SฦN ฤEN NHรM RแบคT KHรO ! Chแบฅt lฦฐแปฃng mรกy thรฌ phแบฃi chแป thแปi gian trแบฃ lแปi. Tแบกm cho 5*"
1,Mรกy chแบกy nhanh mฦฐแปฃt cรฒn giรก sale 3tr thรฌ vแบซn hฦกi chรกt.
1,Ok. Mรกy khรก mแบกnh. Giao hรng ฤรบng cแบฅu hรฌnh. Tks shop nhiแปu. Ok.
1,"Shop giao hรng rแบฅt nhanh, phแปฅc vแปฅ rแบฅt tแปt, sแบฝ tiแบฟp tแปฅc แปงng hแป cho shop lแบงn sau"
1,giao hรng nhฦฐ 1 cฦกn giรณ. ฤแบทt hรดm qua sรกng ฤรฃ gแปi nhแบญn kiแปn. nhรฌn mรกy cรณ vแบป xแปn sรฒ. cแบฅu hรฌnh nhฦฐ quแบฃng cรกo. dรนng 1 thแปi gian sแบฝ ฤรกnh giรก lแบกi sau. trฦฐแปc mแบฏt 5 sao ฤรฃ ;)
1,"Mua lแบงn 2, tแบฅt cแบฃ แปn, ฦฐng cรกi bแปฅng lแบฏm. Shop ฤรณng hรng cแบฉn thแบญn, bแปc chแบฏc chแบฏn Cรณ thแป vแบซn แปงng hแป tiแบฟp"
1,"ฤรบng cแบฅu hรฌnh, mแปi thแปฉ ฤแปu mแปi trรชn 95-99%. ฤแป bแปn ฤแป thแปi gian, chฦฐa cรi แปฉng dแปฅng gรฌ. Mรกy tแปt sแบฝ mua thรชm vรi thรนng nแปญa cho vฤn phรฒng mรฌnh."
1,"ฤรฃ nhแบญn ฤฦฐแปฃc hรng, sแบฃn phแบฉm tแปng thแป cรฒn mแปi. Cแบงn thแปi gian mแปi biแบฟt cรณ แปn ฤแปnh ko. Mรกy khรดng cรณ Bluetooth, ฤรฃ mua Usb Bluetooth kแบฟt nแปi cรกc thiแบฟt bแป nhฦฐng khi tแบฏt mรกy thรฌ mแบฅt kแบฟt nแปi, phแบฃi cแบฏm vร conect lแบกi. Chฦฐa biแบฟt lแปi tแปซ ฤรขu?"
1,"Hรng ฤรบng cแบฅu hรฌnh, tuy khรดng hแบณn lร mแปi 100%, cรณ 1 sแป chแป แป gรณc mรกy bแป vแปก nhฦฐng chแบฅp nhแบญn ฤฦฐแปฃc. Mรกy chแบกy รชm vร mฦฐแปฃt. Mรฌnh mua nguyรชn bแป cแปงa shop nhรฌn chung rแบฅt hรi lรฒng. Cรณ gแปฃn nhแป lร cรกi USB WIFI shop tแบทng mรฌnh khรดng thแป nรo dรฒ ฤฦฐแปฃc sรณng wifi khรดng biแบฟt lร do lแปi mรกy hay lแปi usb nแปฏa."
1,"Mรกy chแบกy ok vร ฤรฃ ฤฦฐแปฃc cรi ฤแบงy ฤแปง phแบงn mแปm cแบงn thiแบฟt, ฤiแปm trแปซ nhแป lร phแบงn sau mรกy bแป bแป mรณp vร bแป mแปt chรบt, ฤแบฑng trฦฐแปc thรฌ bแป mรณp nhแบน."
1,"Ngฦฐแปi bรกn giao ฤรบng sแบฃn phแบฉm. Kiแปn hรng ฤฦฐแปฃc ฤรณng gรณi rแบฅt gแปn gรng vร cแบฉn thแบญn. Mรกy rแบฅt mฦฐแปฃn, ngoแบกi quan lแบกi ฤแบนp. Sแบฝ tiแบฟp tแปฅc แปงng hแป cแปญa hรng."
1,"Sแบฃn phแบฉm nhรฌn cรฒn rแบฅt mแปi, ฤรณng gรณi cแบฉn thแบญn, cแบฃm ฦกn shop......."
1,"Hรng mแปi nguyรชn ฤai nguyรชn kiแปn test nhanh ฤรบng cแบฅu hรฌnh, rแบฅt hรi lรฒng vแป sแบฃn phแบฉm sแบฝ แปงng hแป shop"
1,"Nhแป, gแปn, ฤรบng cแบฅu hรฌnh, mแปi dรนng thแบฅy ok ko biแบฟt thแปi gian sau ntn. Hฦกi tiแบฟc lร ko cรณ cแปng HDMI"
1,"Sแบฃn phแบฉm quรก tแปt. A+++++ ฤรกng tiแปn mua. Chรบc shop bรกn ฤแบฏt hรng, uy tรญn."
1,Rแบฅt tแปt so vแปi tแบงm giรก. Cรฒn ฤแป bแปn thรฌ ฤแป mแปt thแปi gian mแปi ฤรกnh giรก ฤc
1,"Mรกy mแปi nhฦฐ zin, chแบกy tแปt nhanh, chแปง shop hแป trแปฃ nhiแปt tรฌnh..."
1,Sแบฃn phแบฉm ฤรบng nhฦฐ mรด tแบฃ. Cแบงn thแปi gian trแบฃi nghiแปm thรชm.
1,Giao hรng siรชu nhanh. แป SSD khแปi ฤแปng cลฉng siรชu nhanh. Tks shop. Tu vแบฅn nhiแปt tรฌnh. Sau sแบฝ แปงng hแป thรชm.
1,"mรกy chแบกy rแบฅt รด kรช, mik ฤรฃ mua thรชm แป hdd tแปซ shop vร lแบฏp ฤc nhรฉ nhฦฐng phแบฃi lแบฏp chรจn lรชn แป ssd vร chแป lแบฏp ฤc 1 แป. em nรณ chแบกy win 10 lite nhรฉ ko phแบฃi win 10 ฤรขu. Mรกy ฤรบng cแบฅu hรฌnh ฤรฃ ghi. Vร thแปฉ khiแบฟn mik hรi lรฒng nhแบฅt lร em nรณ chแบกy cแปฑc kรฌ รชm nhรฉ vร tแปc ฤแป bแบญt tแบฏt mรกy nhanh hฦกn mn nghฤฉ nhiแปu !"
1,"Giao hรng xแบฅu do khรดng chรบ trแปng khรขu ฤรณng gรณi vแบญn chuyแปn, tuy nhiรชn mรกy tแปt trong tแบงm giรก"
1,"Mรกy ngon,ฤรบng cแบฅu hรฌnh,chแบกy win 10 rแบฅt mฦฐแปฃt...ฤแป bแปn thรฌ sau khi dรนng sแบฝ ฤรกnh giรก tiแบฟp"
1,"Chแบฅt lฦฐแปฃng sแบฃn phแบฉm tuyแปt vแปi, giao hรng nhanh, rแบฅt ฤรกng tiแปn, gรณi hรng chแบฏc chแบฏn."
1,"Mรกy chแบกy rแบฅt รชm, quan trแปng lร hรng mแปi dc bแบฃo hรnh 2 nฤm nรชn dรนng rแบฅt yรชn tรขm"
1,"Shop ฤรณng gรณi cแบฉn thแบญn, hรng giao ฤรบng nhฦฐ mรด tแบฃ! Thanks shop nha!"
1,"Hoแบกt ฤแปng tแปt! Shop tฦฐ vแบฅn nhiแปt tรฌnh, hรng giao nhanh vร ฤรณng gรณi cแบฉn thแบญn!! Sแบฝ แปงng hแป shop thรชm vรo lแบงn sau !!!"
1,"hรng ฤรณng gรณi cแบฉn thแบญn, nhฦฐng bแป hแปng phแบงn nguแปn vร cรกp cแบฅm do bรชn giao hay bรชn bรกn khg biแบฟt. mรกy cรฒn chแบกy ฤฦฐแปฃc."
0,Hรฌnh thแปฉc vร mแบซu mรฃ sp thรฌ OK nhฦฐng sau 1 thแปi gian sแปญ dแปฅng thรฌ mรกy chแบกy rแบฅt chแบญm vร ฤฦก. Mแปi ngฦฐแปi nรชn cรขn nhแบฏc nแบฟu tแบงn suแบฅt sแปญ dแปฅng cao. Chฤm sรณc KH cแปงa shop thรฌ OK. Cรณ thแบฏc mแบฏc lร shop sแบฝ tฦฐ vแบฅn tuy rแบฑng lร hฦกi chแบญm 1 chรบt
0,Shop bรกo xuแบฅt hoรก ฤฦกn nhฦฐng giแป vแบซn chฦฐa thแบฅy vร ko trแบฃ lแปi
0,"1. May chay muot. 2. O dvd ko hoat dong, duoc sx nam 2013. 3. Shop tang them wifi adapter nhung cg k hoat dong. 4. Lien lac voi shop nhung ko ho tro. 5.canh bao ai chuan bi mua--> can than ko thi an han. 6.1 sao chi thai do ban hang. Muon cmt dai hon nhung gioi han 50 ki tu nen viet vay thoi"
0,"shop giao hรng thรนng mรณp hแป nhฦฐ hรฌnh, khi ฤแป ฤแปฉng bแป nghiรชng lแบฏc lฦฐ khรดng chแบฏc,khรดng cรณ miแบฟng lฦฐแปi che chแป cแบฏm card mรn hรฌnh. Nรณi chung shop khรดng quan tรขm ฤแบฟn phแบงn kiแปm tra trฦฐแปc khi giao hรng cho khรกch. cรฒn phแบงn chแบฅt lฦฐแปฃng phแบฃi chแป thแปi gian, hiแปn tแบกi mรกy chแบกy ฤฦฐแปฃc."
0,Phแบงn nhแปฑa phรญa ngoรi chแป nรบt nguแปn bแป vแปก. Hรng ฤรบng nhฦฐ แบฃnh
0,Sแบฃn thรฌ ok. Nhฦฐng giao thiแบฟu USB wifi.
0,"Mรn bแป lแปi chแบฅm trแบฏng, nhแบฏn tin shop thรฌ ฤแบฉy qua sแป zalo, nhแบฏn zalo thรฌ ko thรจm trแบฃ lแปi, ฤรบng tiแปn nรo cแปงa ฤรณ, tham rแบป thรฌ ฤแป lแปi ntn thรดi"
0,"sao quแบฃng cรกo 75hz mร giแป lแบกi 60hz ฤรขy แบก,"
0,"Quรก dแป nhฦฐng vรฌ cแบงn gแบฅp nรชn ko trแบฃ dc. - ฤแป sรกng quรก kรฉm so vแปi mรn hรฌnh laptop hiแปn tแบกi cแปงa mรฌnh -75 hz trรชn lรฝ thuyแบฟt nhฦฐng hรฌnh แบฃnh cร giแบญt nhฦฐ 24 fps Nรณi chung lร rแบฅt ฤau mแบฏt, khรดng nรชn mua"
0,Rรต rรng lร hรฃng atas .. mร ko cรณ nแปi cรกi logo atas. Ko biแบฟt sau nรy bแบฃo hรnh ntn ?? Nแบฟu cรณ lแปi sแบฃy ra
0,"Giao hรng sai sแบฃn phแบฉm,ฤแบทt hรng sแบฃn phแบฉm mรn hรฌnh 4k nhฦฐng giao mรn hรฌnh 2k. Tra thรดng sแป biแบฟt ฤรบng sai thแบญt. Gแปi ฤiแปn cแบฃ 2 sแป vร nhแบฏn tin ฤแปu khรดng trแบฃ lแปi. Lแปซa ฤแบฃo hay gรฌ? Mแบฅt tiแปn rแปi thรดi thรฌ cแบฃnh bรกo mแปi ngฦฐแปi cแบฉn thแบญn. Khรดng rรต bแบฃo hรnh cรณ ฤฦฐแปฃc khรดng nแปฏa. ฤแบฟn gแปi tฦฐ vแบฅn cรฒn ko ฤฦฐแปฃc"
0,Bแป liแปt nรบt chแปฏ T
0,hรi lรฒng - pin hแปng ko sแบกc ฤฦฐแปฃc
0,Mแปi thแปฉ ฤแปu แปn trแปซ viแปc vรฌ mรกy cลฉ nรชn rรบt sแบกc r lร bแป sแบญp nguแปn nรชn lรบc nรo dรนng cx p cแบฏm dรขy Tรญnh mua mรกy vแป ฤแป hแปc onl mร chรกn mรกy lแบกi ko cรณ cam
1,Cรกc bแบกn nรชn mua nhรก mรกy sรi cแปฑc ngon vแปi giรก nhฦฐ thแบฟ nรy thรฌ hฦกn cแบฃ ok ฤแบฅy shop 5sao
1,ฤรกng ฤแปng tiแปn mแปi ngฦฐแปi lรชn mua cho cรกc chรกu hแปc tแบญp dรนng lรm vฤn phรฒng tแปt
1,Sแบฃn phแบฉm giao nhanh ฤรณng gรณi cแบฉn thแบญn! ฤรณng gรณi rแบฅt cแบฉn thแบญn. Sแบฃn phแบฉm ฤรบng mรด tแบฃ. Mรกy mแปi ฤแบนp dรนng ok shop tu vแบฅn nhiแปt tรฌnh!
1,May xรi ok nhแปฏng xem phim 1 tieng ฤรฃ hแบฟt rแปi may rแบฅt ok chแป mแปi pin k tแปt thรดi laptop cu xรi vแบญy lร ok rแปi ฤang ฤแป mua
1,ฤรฃ nhแบญn hรng. Cแบฃm ฦกn shoppee & shop nhรฉ.do lรบc ฤแบงu app bรกo ฤรฃ giao hรng mร m chฦฐa nhแบญn nรชn cลฉng lo nรชn bแบฃo CSKH thรฌ ฤc HD yรชu cแบงu trแบฃ hรng. Nay m nhรขnn ฤc rแปi nรชn m ฤรกnh giรก ngay ฤแป Shop cรณ theo dรตi ฤc แบก. Mรกy xรi แปn nhรฉ. Cแบฃm ฦกn shop
1,"ฤรฃ mua lแบงn 2 tแบกi shop. ฤรณng gรณi cแบฉn thแบญn. Chแบฅt lฦฐแปฃng rแบฅt tแปt. Dรนng mฦฐแปฃt, bแบฃo mแบญt vรขn tay nhแบกy. Shop trแบฃ lแปi tin nhแบฏn vร tฦฐ vแบฅn nhiแปt tรฌnh. Mแปi ngฦฐแปi yรชn tรขm khi mua hรng tแบกi shop nhรฉ."
1,Mแปi thฦฐa ฤแปu ok. Xแปฉng ฤang ฤแปng tiแปn. ฤแป xem tgian sแปญ dแปฅng liแปu cรณ ok ko nแปฏa. Cแบฃm ฦกn shop
1,"ngoแบกi thแบฅt 85% cรณ trแบงy mแบทt dฦฐแปi vร mแบทt trรชn ฤรฃ ฤฦฐแปฃc dรกn decal nรชn ko biแบฟt, nhฦฐng mรกy cลฉ nรชn cลฉng ko quan trแปng vแบฅn ฤแป nรy, cรกc thรดng sแป ram, แป cแปฉng, pin sau khi test ฤแบกt 90% rแบฅt hรi lรฒng (lรบc ฤแบงu bแป sแบญp nguแปn แป 40% nhฦฐng sau khi thiแบฟt lแบญp lแบกi thรฌ ok), mรกy quรก nรณng lรบc chแบกy, nc tแปt vแปi mแปฉc giรก n"
1,"Tแบฅt cแบฃ phแปฅ kiแปn vร bill + bแบฃo hรnh ฤรขy ae, khรก ok mแปi vแป lร win7 mรฌnh ฤรฃ nรขng win10 vร dรนng mแบฅy hรดm khรก ok luรดn, chฦกi mฦฐแปฃt , PS thรฌ แปn nรณi chung lร ok hแบฟt , verry good"
0,"lรบc ฤแบงu thแบฅy chแบกy cรฒn oke sรi sau 3 tiแบฟng ฤฦก luรดn, ko di chuyแปn theo รฝ mรฌnh nแปฏa. hฦกi tiแบฟc tiแปn๐ฅฒ shop rep gquyet vฤ chแบญm. bรชn giao hรng lรบc giao mรฌnh cรกi hแปp nรณ แปp แบนp xแบฅu lแบฏmm"
0,"Chuแปt mแปi sรi ok, sรi lรขu ฤแปฉng kh chแบกy nแปi chแปu luรดn :))))) sรi chฦฐa ฤc thรกng"
0,"Chuแปt แปn, nhแป gแปn. Cho 1 sao vรฌ mรฌnh ฤรฃ hแปงy ฤฦกn hรng rแปi mร shop vแบซn cแป tรฌnh giao"
0,"Sแบกc xong xรi ko ฤฦฐแปฃc. Mรฌnh cรณ thiแปn chรญ contact shop ฤแป ฤแปi hรng trแปฑc tiแบฟp tแบกi shop luรดn vรฌ cลฉng cรนng แป hcm, ฤแปi xong nแบฟu ok thรฌ vแป lแบกi cho 5* nhฦฐ bth nhฦฐng bแป shop quฤng cho cแปฅc lฦก nhฦฐ tnay ฤรขy. ฤรกng lแบฝ mรฌnh cรณ thแป nhแบฅn Trแบฃ hรng/Hoรn tiแปn nhg chแป cรณ 99k vร quan trแปng lร rate ฤแป mn biแบฟt mร nรฉ ra nhรฉ"
0,"Mรฌnh mแปi nhแบญn hรng, mร hรng nhue vแบงy lร sao, do ngฦฐแปi vแบญn chuyแปn hay do hรng hoรก,"
0,"Mรฌnh mแปi mua sแบฃn phแบฉm chฦฐa ฤฦฐแปฃc 1 thรกng, mแปi dรนng cรณ 3-4 lแบงn mร giแป ฤรฃ khรดng dรนng ฤฦฐแปฃc nแปฏa rแปi. Dรน mรฌnh ฤรฃ sแบกc nhฦฐng vแบซn ko dรนng ฤฦฐแปฃc."
0,"Mua chuแปt bluetooth lแบกi lร khรดng dรขy, hay ngฦฐแปi bรกn hรng cลฉng khรดng biแบฟt 2 loแบกi khรกc nhau thแบฟ nรo."
0,Hแปp bรฉp dรญ nhฦฐ ฤรฃ dรนng rแปi
0,Chฦฐa nhแบญn ฤฦฐแปฃc sแบฃn phแบฉm nhฦฐng shopee bรกo lร ฤรฃ giao trong khi mรฌnh khรดng nhแบญn ฤฦฐแปฃc bแบฅt cแปฉ cuแปc gแปi nรo cแปงa shipper vร ngฦฐแปi nhร cลฉng xรกc nhแบญn lร chฦฐa bao h nhแบญn ฤฦฐแปฃc mรณn hรng nรo.
0,Dแบทt 2 con chuแปt nhฦฐng xแปฏ dแปฅng ฤฦฐแปฃc 1 con. Con bแป hฦฐ vแปซa bแบญt on lรชn sรกng ฤรจn lร tแบฏt cรณ cho ฤแปi lแบกi ko vแบญy shop ?
0,mรฌnh ฤแบทt 2 con 225k mร shop giao cรณ 1con ฤm shop
0,Chuแปt sแปญ dแปฅng ฤc 1 lแบงn xong ฤem sแบกc ko vรด pin
0,Chuแปt khรดng dรนng ฤฦฐแปฃc
0,"Dรขy sแบกc hแปng, khรดng thแป sแบกc chuแปt ฤฦฐแปฃc"
0,ฤแบทt mรu golden mร giao mรu trแบฏng :))) Shop lรm ฤn cแบงu thแบฃ quรก
0,ฤรบng mรu nhฦฐng giao thiแบฟu ko cรณ dรขy sแบกc
0,Khรดng vแปซa รฝ lแบฏm. Rรต rรng mรฌnh ฤแบทt mรu bแบกc nhฦฐng shop lแบกi gแปญi mรu nhฦฐ nรy ฤรขy. Mong shop xem lแบกi cรกch lรm viแปc cแปงa mรฌnh แบก
0,Chuแปt khรดng cรณ bluetooth mร ghi tรชn sแบฃn phแบฉm lร bluetooth
0,"Nรบt bแบฅm bแป bung ra, sแปญa mรฃi mแปi dรนng tiแบฟp ฤฦฐแปฃc :) ?????"
0,"Mua mรu ฤen, shop giao mรu trแบฏng"
0,gui ko dung mau
0,"Dแปch giao hรng ฤรฃ khรณ khฤn, chแป thรฌ lรขu nhฦฐng ฤแบฟn lรบc nhแบญn hรng lร con chuแปt bแป bong trรณc, hแปp thรฌ mรฉo mรณ, giแปng nhฦฐ ฤแป cลฉ vแบญy :) nt vแปi shop thรฌ do mรฌnh cแบงn gแบฅp nรชn mรฌnh lแบฅy xรi ฤแปก, hแบฟt dแปch qua shop ฤแปi, tแปn cรดng tแปn xฤng thรชm :) shop chแบณng chแปu kt hรng trฦฐแปc khi gแปญi gรฌ hแบฟt :) thแบฅt vแปng, mแปt."
0,Sแบฃn phแบฉm dรนng cลฉng tแบกm ฤฦฐแปฃc. Tuy nhiรชn thแปnh thoแบฃng vแบซn hฦกi lรกc.
0,Chuแปt khรก รชm nhฦฐng lรขu lรขu k lแบกi bแป lแปi khรก lร k thรญch vแบฅn ฤแป ฤรณ :))
0,"lแบงn ฤแบงu tiรชn mua ฤแป mร thแบฅy bแปc sฦก sรi ntn luรดn รฝ? chuแปt k cรณ bแปc chแปng sแปc, vแป hแปp cรฒn bung cแบฃ ra k cรณ tem dรกn nแบฏp hแปp??? chแบฃ hiแปu chแบฅt lฦฐแปฃng thแบฟ nรo"
0,ฤแบทt sแบฃn phแบฉm con chuแปt mรu trแบฏng nhฦฐng shop lแบกi giao mรu bแบกc.
0,"Trc m nhแป bแบกn ฤแบทt bรชn trung quแปc vแป sp thรญch mฦฐแปฃt lแบฏm. Loแบกi nรy rแบฏc cแบฏm khรณ, chแบฅt liแปu nhแปฑa k phแบฃi nhรฌn hai thiแบฟt kแบฟ lร thแบฅy lแปch nhau rแปi"
0,"Chฦฐa dรนng thแปญ, nhฦฐng hรng gรณi tแป quรก, bรณp mรฉo hแปp, nhรฌn thแบฅy...ko biแบฟt nรณi sao Mua ฤแป tแบทng, mร hแปp nhฦฐ vแบงy thรฌ sao tแบทng ฤรขy. ฤรnh ฤแป ...1 chแป ngแบฏm chฦกi"
0,ฤรณng gรณi khรดng kรญ sแบฃn phแบฉm bแป rแบงy rแปi
0,Giao hรng rแบฅt lรขu
1,"Mรกy chแบกy rแบฅt รชm, chแบฅt lฦฐแปฃng hรฌnh แบฃnh rรต nรฉt. Kแบฟt nแปi vแปi cรกc thiแบฟt bแป khรกc rแบฅt dแป dรng, loa nghe to แบฅm.Vแป ฤแป bแปn thรฌ phแบฃi sแปญ dแปฅng lรขu dรi mแปi bik dc. Shop tฦฐ vแบฅn nhiแปt tรฌnh, cรณ gแปi ฤiแปn hฦฐแปng dแบซn mรฌnh cรกch sแปญ dแปฅng mรกy."
1,"Mรกy chiแบฟu tแปt, ฤแบนp, nhรฌn khรดng phแบฃi qua nรฉt, nแบฟu xรi khรดng thรฌ chแบฏc tแบงm hd, cรฒn xรi mรn chiแบฟu thรฌ chแบฏc lรชn dc full hd"
1,Sแป lฦฐแปฃng lแปn thรฌ phแบฃi cรณ trรกch nhiแปm vร rแบฅt hรi lรฒng vแปi nhแปฏng ngฦฐแปi yรชu cรดng nghแป
1,"sแบฃn phแบฉm rแบฅt chแบฅt lฦฐแปฃng, ฤรณng gรณi kฤฉ, รขm thanh dรนng lรขu thแบฅy hฦกi bแป rรจ"
1,"Cแปฑc kแปณ nรชn mua, sau khi xรi tแบงm vรi tiแบฟng thรฌ mรฌnh yรชu cรกi mรกy nรy luรดn แบก. Loa cแปฑc kแปณ ฤแปnh, to vร bass nghe ok lแบฏm. Giao hรng hcm cแปฑc nhanh, ฤรณng gรณi kแปน. 10/10"
1,Chแบฅt lฦฐแปฃng sแบฃn phแบฉm tuyแปt vแปi รดng mแบทt trแปi nha mแปi ngฦฐแปi! Nรชn mua vร giแปi thiแปu ฤแป แปงng hแป shop nhiแปu nhiแปu nha! Hihi
1,"Nhรขn viรชn tฦฐ vแบฅn vร hแป trแปฃ rแบฅt nhiแปt tรฌnh. Mรฌnh xรi thแปญ mรกy trong 2 ngรy, thแบฅy mรกy chแบกy แปn. Tripod gแบฏn lรชn thแบฅy chแบฏc chแบฏn. Gแบฏn trรชn tripod thแบฅy tแบฃn nhiแปt dฦฐแปi mรกy chiแบฟu ko nรณng nhฦฐ ฤแบทt trรชn mแบทt bรn. Mong sแบฃn phแบฉm sแปญ dแปฅng ฤc lรขu dรi. แปฆng hแป shop 10 sao nhรฉ !"
1,Nรฉt cฤng luรดn nha mn ฦกi.mรฌnh kแบฟt nแปi vแปi MacBook thรชm cแบทp loa vรo nhฦฐ rแบกp luรดn.chiแบฟu thแบณng lรชn tฦฐแปng trแบฏng cรณ lแบฝ khรดng phแบฃi sแปญ dแปฅng mรn chiแบฟu
1,"sแบฃn phแบฉm ฤรบng nhฦฐ quแบฃng cรกo , chแบฅt lฦฐแปฃng hรฌnh แบฃnh chแบฅt lฦฐแปฃng , giรก thรnh phรน hแปฃp vแปi gia ฤรฌnh sแปญ dแปฅng"
1,ฤรฃ nhแบญn ฤฦฐแปฃc hรng.gแปn coi hรฌnh แบฃnh OK.cรฒn ฤแป bแปn thรฌ theo thแปi gian mแปi biแบฟt..trฦฐแปc mแบฏt rแบฅt ฦฐng รฝ
1,khรดng cรณ 1 lแปi nรo ฤแป chรช chiแบฟc mรกy nรy ! tuyแปt โบ๏ธ
1,Mรกy chiแบฟu nรy nรฉt sรกng hฦกn hแบณn con X2 max nhรฉ. Nhg hฦกi cรณ nhฦฐแปฃc ฤiแปm lร cแบงn ฤแบทt mรกy chiแบฟu แป khรก xa. Nhร nรo fong khรกch chแบญt thรฌ ฤแบทt gแบงn nรณ bแป bรฉ. ฤแบทt ra xa ms phรณng to hแบฟt cแปก ฤc. khi chแปnh cho vuรดng vแบฏn thรฌ n vแบซn hฦกi hiแปn cรกi vแปt sรกng thแบญt cแปงa mรกy chiแบฟu lรชn tฦฐแปng. nแบฟu nhร nhแป xinh nรชn mua x2.
1,mรกy xem rแบฅt sรกng.Tuyแปt vแปi รดng mแบทt trแปi luรดn =
1,Sแบฃn phแบฉm tแปt trong tแบงm giรก
0,Bรกn hรng thรฌ cรณ tรขm 1 tรญ ฤรฃ giao thiแบฟu dรขy nguแปn ok chแบฅp nhแบญn chแป thรชm 1 tuแบงn sau gแปญi dรขy nguแปn vแป cแบฏm vรo test thรฌ mรn ฤen thui nhแบฏn tin cho shop thรญch thรฌ rep mร cรฒn rep cรกi kiแปu lฦฐฦกn lแบนo... mรn thรฌ hแป gรณc giao ko cรณ dรขy nguแปn + cรกp gแปญi lแบงn 2 thรฌ gแปญi tiแบฟt kiแปm vแป mรn hรฌnh cรฒn bแป dis lรm ฤn chรกn vl
0,"Giao hรng khรดng giแปng mแบทt hรng mua, cรนng giรก tiแปn nรชn k vแบฅn ฤแป gรฌ nhฦฐng ghรฉt thรกi ฤแป nรณi chuyแปn cแปงa bแบกn chฤm sรณc khรกch hรng, rแบฅt thiแบฟu chuyรชn nghiแปp"
0,"Mแปi sรi ฤฦฐแปฃc 5 ngรy, bรขy giแป khรดng lรชn, nhแบฏn tin shop hoรi mร khรดng trแบฃ lแปi. Mรฌnh mua hแบฃng, shop bแบฃo hรnh 6 thรกng nรชn mแปi mua. ฤแปฃi shop hแปi รขm lแบกi"
0,"Quรก thแบฅt vแปng, bแป ra 2 triแปu mแบฅy Tแปซ lรบc mua ฤแบฟn nay ฤรฃ sแปญ dแปฅng ฤฦฐแปฃc 1 thรกng vร sau ฤรขy lร nhแปฏng ฤiแปu:1 di chuyแปn mรn hรฌnh thรฌ cรณ hiแปn tฦฐแปฃng mรn hรฌnh chแปp chแปp nhรกy.2 shop bแบฃo cรณ thแป lแบฏp giรก treo mรn hรฌnh, vร cuแปi cรนng khรดng ฤฦฐแปฃc.3 mรn hรฌnh khรดng ฤรบng nhฦฐ mรด tแบฃ, cรณ mรu trแบฏng trแบฏng แป viแปn, cรฒn r nhiรชu"
0,Mรn hรฌnh mรu xแบฅu ฤau mแบฏt. Ko dc nhฦฐ kแปณ vแปng vแป chแบฅt lฦฐแปฃng.
0,"Quแบฃng cรกo thรฌ siรชu nรฉt cรกc kiแปu nhฦฐng nhแบญn vแป thรฌ ฤรบng kiแปu hรng tรu, chแบฅt lฦฐแปฃng mรn rแบฅt kรฉm, nhรฌn rแบฅt mแปi mแบฏt, k biแบฟt do mรn hay do lแปi j khรกc, yรชu cแบงu ฤแปi trแบฃ shop k ฤแปng รฝ nรชn mแปi ngฦฐแปi nรชn cรขn nhแบฏc kฤฉ khi MUA, ฤang nhรฌn mรn lenovo bรชn cแบกnh nhรฌn sang mรn nรy chรกn luรดn, khแปi dรนng luรดn :)"
0,"Mรn hรฌnh 60hz ko phแบฃi 75hz, chแบฅt lฦฐแปฃng bรฌnh thฦฐแปng kรฉm, cแปง sแบกc viแปn mรกy rแบฅt nรณng khi chแบกy , mรn chแบฅt lฦฐแปฃng bรฌnh thฦฐแปng bรณng khรดng ฤแปu loang mรn hinh, tiแปn nรo cแปงa แบฅy mแปi ngฦฐแปi tแปt hฦกn thรฌ nรชn mua dรฒng xiaomi tแบงm 3tr thรฌ sแป vรo mรกy vแปi cแปง sแบกc rแบฅt mรกt, mรn lแบกi ฤแบนp, cรดng suแบฅt 24w รญt hฦกn con nรy 35-40w"
0,ฤแบทt cong giao phแบณng. Gแปi shop bรกo thรฌ tแปฑ ฤแปng hแบฟt cรดng chuyแปn phแบณng khรดng cแบงn bรกo vแปi khรกch. Lรm ฤn thแบฟ thรฌ chแปu
0,cรกc bแบกn mua hรng nhแป lฦฐu รฝ ฤแบฟn sแบฃn phแบฉm mรn hรฌnh bแป lแปi phแบฃng quang. Biแบฟt rแบฑng tiแปn nรo cแปงa ฤรณ nhฦฐng khi bรกn cho khรกch hรng thรฌ nรชn tรดn trแปng khรกch hรng mแปt tรญ. Sแบฃn phแบฉm lแปi mร cรฒn ฤem bรกn thรฌ khรดng tรดn trแปng khรกch hรng.
0,"Mรn mรกy tรญnh bแป lแปi HDMI cแบฏm vรo toรn nhแบฅp nhรกy mรn hรฌnh, gแปi tฦฐ vแบฅn thรฌ hแปฉa ฤแปi cho dรขy HDMI mแปi hแบนn 2 ngรy cรณ hรng nhฦฐng ฤแปฃi 4 ngรy mแบฅt hรบt. gแปi chแปง shop bแบฃo lรm viแปc vแปi nhรขn viรชn, gแปi sแป nhรขn viรชn toรn mรกy bแบญn. Nghฤฉ nรณ chรกn. ฤแปซng bแบกn nรo mua hรng cแปงa shop nรy nแปฏa"
0,"Thรนng giแบฅy khรดng cรฒn nguyรชn mร bแป xรฉ tรจ le xong bแปc lแบกi, mรn hรฌnh cรณ vแบฟt bแบฉn, cรณ thแป lร hรng cลฉ ฤฦฐแปฃc ฤรณng lแบกi. Hรชn lร vแบซn sรi ฤฦฐแปฃc, chฦฐa cรณ lแปi gรฌ."
0,Mua 1 kiแปu hรng vแป 1 kiแปu.chรกn
0,Hฦก sรกng quรก tแป
1,"Mรn ngon trong tแบงm giรก, ฤรขy lร con thแปฉ 2 mua cแปงa shop, sแบฝ tiแบฟp tแปฅc แปงng hแป"
1,"Shop giao hรng nhanh vร ฤรณng gรณi cแบฉn thแบญn. Sแบฃn phแบฉm hoแบกt ฤแปng tแปt, tiแบฟp tแปฅc แปงng hแป shop."
1,"Trฦฐแปc mแบฏt thแบฅy แปn, vแป lรขu dรi chฦฐa biแบฟt thแบฟ nรo, tแบกm cho shop 5 sao"
1,"Mรn ฤแบนp lแบฏm nha mแปi ng. Shop giao mรฌnh mรn HPC chแปฉ ko phแบฃi Hugon mร theo cแบฃm nhแบญn thแบฅy ok hฦกn, mรu khรก ฤแบนp nแบฟu chแปu khรณ tแปฑ chแปnh thรชm trรชn mรn, ko thแบฅy hiแปn tฦฐแปฃng hแป sรกng nhฦฐ cรกc bแบกn phรn nรn แป mรn Hugon. Nรณi chung rแบฅt hรi lรฒng vแปi giรก thรnh vร chแบฅt lฦฐแปฃng nhฦฐ vแบญy cรฒn ฤแป bแปn thรฌ ฤแปฃi thแปi gian tl :)"
1,Shop Giao Hรng Nhanh Mรn Hรฌnh Cรณ ฤแป Sai Mรu Khรก Lแปn Nรชn Phแบฃi Cฤn Chแปnh Lแบกi ฤแป Bแปn Phแบฃi 1 time Mแปi Biแบฟt Nรณi Chung Lร ฤang Tiแปn Nha
1,ฤแบงy ฤแปง phแปฅ kiแปn. Lรชn hih chuแบฉn. Cรฒn bแปn hay k thรฌ chฦฐa biแบฟt. Lแบงn ฤแบงu mua hรg. Hy vแปg sแบฝ lรขu dรi cho cรกc sp sau. Cรณ ฤiแปu giao hรng lรขu quรก
1,Mรn hรฌnh ngon bแป rแบป. Ngon hฦกn mรn hpc vร mรn sam sung cลฉ cแปงa mรฌnh. Nhฦฐng mแปi ngฦฐแปi nhแป kiแปm tra xem cแปng แป cรขy cแปงa mรฌnh lร gรฌ. Nhแบฏn shop hแป ฤฦฐa cho ฤรบng dรขy. Ko lแบกi phแบฃi ra ngoรi mua dรขy.
1,Sแบฃn phแบฉm ฤรบng nhฦฐ mรด tแบฃ. Chแบฅt lฦฐแปฃng sแบฃn phแบฉm tแปt. Giao hรng nhanh.
1,"Mรn ฤแบนp, hiแปn thแป tแปt so vแปi giรก, chแบฅt lฦฐแปฃng thรฌ phแบฃi xem thแปi gian"
1,"Mรn ฤแบนp , giao hรng nhanh , ฤรณng gรณi chแบฏc chแบฏn , rแบฅt ok , 5 saoooo"
1,Hรng ฤแบนp test chแบฅt lฦฐแปฃng. Mua lแบงn ฤแบงu thแบฅy rแบฅt ok dรนng lรขu ko biแบฟt thแบฟ nรo sแบฝ cรฒn แปงng hแป
1,"Giao hรng nhanh... shop ฤรณng gรณi hรg kฤฉ, mรn nhรฌn hฦกi ฤau mแบฏt 1 tรญ mร mรu แปn,trรดng mแปi แปn รกp phรน hแปฃp vแปi giรก tiแปn nรชn mua๐ป๐ป๐ป"
1,Mรn hรฌnh ฤแบนp..cแบฃm giรกc mรn cong hฦกi รญt..chแบฏc mรn to sแบฝ thแบฅy cong rแป hฦกn...hi vแปng sแบฃn phแบฉm bแปn theo tgian
1,Giao hรng nhanh. Mรn mรu sแบฏc dc. Mรn mแปi k hแป sรกng. ............
1,ฤรฃ nhแบญn hรng ship rแบฅt nhanh cรฒn chแบฅt lฦฐแปฃng chฦฐa dรนng nรชn chฦฐa biแบฟt
1,Ngon bแป rแบป nha cรกc bรกc :))
0,Mรn hแป sรกng bรชn dฦฐแปi rแบฅt nhiแปu.
0,ฤแปซng mua! Giao sai mรu vร mรn hรฌnh bแป ฤiแปm chแบฟt. Ko chแปu trรกch nhiแปm mร ฤแป lแปi cho NXS lร c.nghแป chฦฐa tแปi nรชn k bแบฃo hรnh. Bแบฏt mรฌnh phแบฃi chแปu & cho 100k card ฤแป lแบฅy lรฒng. Ko muแปn dรi dรฒng nรชn cho 2*. Sau ฤรณ gแปi ฤiแปn vร nhแบฏn tin lรm phiแปn yรชu cแบงu ฤรกnh giรก lแบกi vร dแปa lร nแบฟu ko ฤรกnh giรก sแบฝ ko hแป trแปฃ nแปฏa
0,"Nแบฟu cรกc bแบกn muแปn chแบฟt hay giแบญt tรช ngฦฐแปi thรฌ nรชn mua nhรฉ. Gแปญi bแบฃo hรnh thรฌ tแปn cแบฃ ฤแปng tiแปn ship cแปงa khรกch tแปฑ chแปu xong vแบซn bแป lแปi mร gแปญi vแป, tรณm lแบกi lร ko bแบฃo hรnh :)). Cรฒn bแบฃo thay dรขy nguแปn khรกc, thแบฟ dรขy trong hแปp gแปญi cho khรกch ฤแป lรm gรฌ?. ฤรฃ rรฒ ฤiแปn cรฒn lรm khung kim loแบกi mแปi sแปฃ ~~. Phรญ tiแปn."
0,"Lรm ฤn thแบฟ nรy ฤรขy, mรn lแปi nt khรดng thรจm rep lฦก ฤi luรดn"
0,Mแปi 1 thรกng sแปญ dแปฅng ฤรฃ bแป chแบฅm ฤen nรy ๐ถ
0,Mรฌnh nhแบญn ฤฦฐแปฃc hรng trong 2 ngรy tuy nhiรชn nhแบญn k ฤแปง cรกc ฤแป ฤi kรจm. Bแบฃo hiแปm mรกy cลฉng phแบฃi trแบฃ tuy nhiรชn k thแบฅy thรดng tin gรฌ ฤแป kรญch hoแบกt
0,"Shop lรm viแปc rแบฅt lรขu mรฃi ko gแปญi hรng cho bรชn ship, lรm mรฌnh phแบฃi gแปi ฤiแปn giแปฅc.. gรณi hรng sฦก sรi chแป cรณ lแปp bแปc nilon ngoรi vแป nรชn hแปp bรชn trong bแป mรณp mรฉo hแบฟt. Hฦกn nแปฏa mรกy mรฌnh cลฉng cรณ chรบt vแบฅn ฤแป :) ฤang liรชn lแบกc shop ฤแป giแบฃi quyแบฟt chรบt"
0,Nแบฟu cรกc bแบกn muแปn bแป ra mแปt sแป tiแปn khรดng hแป nhแป ฤแป mua 1 sแบฃn phแบฉm vแปi trแบฃi nghiแปm dแปch vแปฅ QUร KรM thรฌ cแปญa hรng nรy lร mแปt lแปฑa chแปn lรฝ tฦฐแปng.
0,"Mรฌnh mua rแปi, sแบฃn phแบฉm nhรฌn ฤแบนp nhฦฐng khรณ xรi lแบฏm luรดn mแปi ngฦฐแปi แบก. Nhรฌn nรณ khรดng thแบญt so vแปi mรn hรฌnh แบฅy. Xรi khรณ lแบฏm Ai muแปn mua take notes nhฦฐ mรฌnh khรดng nรชn nรจ. Vแปi lแบกi mua rแปi giแป chแบฃ biแบฟt bรกn lแบกi sao, buแปn lแบฏm cแบฃm giรกc nhฦฐ 2tr550 ngรn ฤi xuแปng biแปn. Ai cรณ nhu cแบงu mua thรฌ liรชn hแป mรฌnh nhรฉ,"
0,Giao hรng nhฦฐng ฤรณng gรณi chฦฐa kฤฉ. Nรชn ฤแป ฤรขy lร hรng dแป vแปก vร bแป thรชm vรo 1 cรกi hแปp nแปฏa.
0,Sแบฃn phแบฉm giao khรก lรขu do chแป cรณ thแป giao Shopee Express. Ai cแบงn nhanh nรชn cรขn nhแบฏc.
0,Giao hรng quรก chแบญm
0,ฤรณng gรณi ko cรณ chแปng va ฤแบญp.chรกn.Hi vแปng ฤแป ฤiแปn tแปญ shop nรชn cแบฉn thแบญn hฦกn . Nhรฌn gรณi hรng thแบฅy xรณt . ฤแป tiแปn triแปu chแปฉ รญt แปi gรฌ
0,bแป lem mแป xung quanh ฤแบฟn 40-50% mรn hรฌnh. ko phรน hแปฃp vs xem vร chiแบฟu thฦฐแปng xuyรชn. mua vแป rแปi mแปi bแบฃo mรกy giรก rแบป nรณ nt. lแบงn sau bรกn cho ng cรณ nhu cแบงu chuyรชn nghiแปp nhฦฐ mk thรฌ tฦฐ vแบฅn thแบญt mแปt tรฝ. mแบฅt thแปi gian. hแป ฤiแปu hรnh thรฌ ฤฦก lรชn ฤฦก xuแปng. chรกn
0,"Sแบฃn phแบฉm okie, nhฦฐng cรณ chรบt k vแปซa รฝ khรขu trao ฤแปi vแปi shop. Shop tฦฐ vแบฅn vร gแปญi clip hฦฐแปng dแบซn (qua chat Shopee) sแบฝ giao bแบฃn C90 HD vร bแป kแบฟt nแปi khรดng dรขy, nhฦฐng giao cho mรฌnh bแบฃn kแบฟt nแปi cรณ dรขy."
0,"Mรกy xรi dc 6 ngรy thรฌ bแป ฤแปm rแปi, ฤang chแป ฤแปi hรng xem sao ๐ข"
0,Sao nhanh nรณng thแบฟ
0,Tแบกm ฤฦฐแปฃc. Nhฦฐng khรณ kแบฟt nแปi vแปi k20p. Chแบฅt lฦฐแปฃng hฦกi ฤแบฏt so vแปi giรก thรnh
0,"Sแบฃn phแบฉm แปn, cลฉng ฤฦฐแปฃc nhฦฐng chฦฐa ฤแบกt yรชu cแบงu cแปงa mรฌnh lแบฏm. Chiแบฟu hฦกi mแป"
